sweep_id,date_time,max_spheres,ray_depth,num_spheres,block_size,implementation,openmp_time_s,kernel_time_s,memory_transfer_time_s,total_without_mem_s,total_with_mem_s,throughput_mpixels_sec,speedup_vs_openmp_kernel,speedup_vs_openmp_with_mem
2,2026-05-18_11-25-10,512,50,200,32,OPENMP,656.390,656.390,0.000,656.390,656.390,0.000624,1.000000,1.000000
2,2026-05-18_11-25-10,512,50,200,32,GLOBAL,656.390,0.000,0.000,0.000,0.000,0.000000,0.000000,0.000000
2,2026-05-18_11-25-10,512,50,200,32,CONSTANT,656.390,0.000,0.000,0.000,0.000,0.000000,0.000000,0.000000
2,2026-05-18_11-25-10,512,50,200,32,SHARED,656.390,0.000,0.000,0.000,0.000,0.000000,0.000000,0.000000
2,2026-05-18_11-25-10,512,50,200,32,1D TEXTURE,656.390,0.000,0.000,0.000,0.000,0.000000,0.000000,0.000000
2,2026-05-18_11-25-10,512,50,200,32,2D TEXTURE,656.390,0.000,0.000,0.000,0.000,0.000000,0.000000,0.000000
2,2026-05-18_11-25-10,512,50,200,32,2D TEXTURE + CONSTANT,656.390,0.000,0.000,0.000,0.000,0.000000,0.000000,0.000000
2,2026-05-18_11-25-10,512,50,200,32,REALISTIC,656.390,0.000,0.000,0.000,0.000,0.000000,0.000000,0.000000
2,2026-05-18_11-36-08,512,50,200,32,OPENMP,656.388,656.388,0.000,656.388,656.388,0.000624,1.000000,1.000000
2,2026-05-18_11-36-08,512,50,200,32,GLOBAL,656.388,0.000,0.000,0.000,0.000,0.000000,0.000000,0.000000
2,2026-05-18_11-36-08,512,50,200,32,CONSTANT,656.388,0.000,0.000,0.000,0.000,0.000000,0.000000,0.000000
2,2026-05-18_11-36-08,512,50,200,32,SHARED,656.388,0.000,0.000,0.000,0.000,0.000000,0.000000,0.000000
2,2026-05-18_11-36-08,512,50,200,32,1D TEXTURE,656.388,0.000,0.000,0.000,0.000,0.000000,0.000000,0.000000
2,2026-05-18_11-36-08,512,50,200,32,2D TEXTURE,656.388,0.000,0.000,0.000,0.000,0.000000,0.000000,0.000000
2,2026-05-18_11-36-08,512,50,200,32,2D TEXTURE + CONSTANT,656.388,0.000,0.000,0.000,0.000,0.000000,0.000000,0.000000
2,2026-05-18_11-36-08,512,50,200,32,REALISTIC,656.388,0.000,0.000,0.000,0.000,0.000000,0.000000,0.000000
2,2026-05-18_11-47-05,512,50,200,32,OPENMP,658.284,658.284,0.000,658.284,658.284,0.000622,1.000000,1.000000
2,2026-05-18_11-47-05,512,50,200,32,GLOBAL,658.284,0.000,0.000,0.000,0.000,0.000000,0.000000,0.000000
2,2026-05-18_11-47-05,512,50,200,32,CONSTANT,658.284,0.000,0.000,0.000,0.000,0.000000,0.000000,0.000000
2,2026-05-18_11-47-05,512,50,200,32,SHARED,658.284,0.000,0.000,0.000,0.000,0.000000,0.000000,0.000000
2,2026-05-18_11-47-05,512,50,200,32,1D TEXTURE,658.284,0.000,0.000,0.000,0.000,0.000000,0.000000,0.000000
2,2026-05-18_11-47-05,512,50,200,32,2D TEXTURE,658.284,0.000,0.000,0.000,0.000,0.000000,0.000000,0.000000
2,2026-05-18_11-47-05,512,50,200,32,2D TEXTURE + CONSTANT,658.284,0.000,0.000,0.000,0.000,0.000000,0.000000,0.000000
2,2026-05-18_11-47-05,512,50,200,32,REALISTIC,658.284,0.000,0.000,0.000,0.000,0.000000,0.000000,0.000000
2,2026-05-18_11-58-05,512,50,200,64,OPENMP,657.434,657.434,0.000,657.434,657.434,0.000623,1.000000,1.000000
2,2026-05-18_11-58-05,512,50,200,64,GLOBAL,657.434,0.000,0.000,0.000,0.000,0.000000,0.000000,0.000000
2,2026-05-18_11-58-05,512,50,200,64,CONSTANT,657.434,0.000,0.000,0.000,0.000,0.000000,0.000000,0.000000
2,2026-05-18_11-58-05,512,50,200,64,SHARED,657.434,0.000,0.000,0.000,0.000,0.000000,0.000000,0.000000
2,2026-05-18_11-58-05,512,50,200,64,1D TEXTURE,657.434,0.000,0.000,0.000,0.000,0.000000,0.000000,0.000000
2,2026-05-18_11-58-05,512,50,200,64,2D TEXTURE,657.434,0.000,0.000,0.000,0.000,0.000000,0.000000,0.000000
2,2026-05-18_11-58-05,512,50,200,64,2D TEXTURE + CONSTANT,657.434,0.000,0.000,0.000,0.000,0.000000,0.000000,0.000000
2,2026-05-18_11-58-05,512,50,200,64,REALISTIC,657.434,0.000,0.000,0.000,0.000,0.000000,0.000000,0.000000
2,2026-05-18_12-09-03,512,50,200,64,OPENMP,656.668,656.668,0.000,656.668,656.668,0.000624,1.000000,1.000000
2,2026-05-18_12-09-03,512,50,200,64,GLOBAL,656.668,0.000,0.000,0.000,0.000,0.000000,0.000000,0.000000
2,2026-05-18_12-09-03,512,50,200,64,CONSTANT,656.668,0.000,0.000,0.000,0.000,0.000000,0.000000,0.000000
2,2026-05-18_12-09-03,512,50,200,64,SHARED,656.668,0.000,0.000,0.000,0.000,0.000000,0.000000,0.000000
2,2026-05-18_12-09-03,512,50,200,64,1D TEXTURE,656.668,0.000,0.000,0.000,0.000,0.000000,0.000000,0.000000
2,2026-05-18_12-09-03,512,50,200,64,2D TEXTURE,656.668,0.000,0.000,0.000,0.000,0.000000,0.000000,0.000000
2,2026-05-18_12-09-03,512,50,200,64,2D TEXTURE + CONSTANT,656.668,0.000,0.000,0.000,0.000,0.000000,0.000000,0.000000
2,2026-05-18_12-09-03,512,50,200,64,REALISTIC,656.668,0.000,0.000,0.000,0.000,0.000000,0.000000,0.000000
2,2026-05-18_12-20-01,512,50,200,64,OPENMP,656.612,656.612,0.000,656.612,656.612,0.000624,1.000000,1.000000
2,2026-05-18_12-20-01,512,50,200,64,GLOBAL,656.612,0.000,0.000,0.000,0.000,0.000000,0.000000,0.000000
2,2026-05-18_12-20-01,512,50,200,64,CONSTANT,656.612,0.000,0.000,0.000,0.000,0.000000,0.000000,0.000000
2,2026-05-18_12-20-01,512,50,200,64,SHARED,656.612,0.000,0.000,0.000,0.000,0.000000,0.000000,0.000000
2,2026-05-18_12-20-01,512,50,200,64,1D TEXTURE,656.612,0.000,0.000,0.000,0.000,0.000000,0.000000,0.000000
2,2026-05-18_12-20-01,512,50,200,64,2D TEXTURE,656.612,0.000,0.000,0.000,0.000,0.000000,0.000000,0.000000
2,2026-05-18_12-20-01,512,50,200,64,2D TEXTURE + CONSTANT,656.612,0.000,0.000,0.000,0.000,0.000000,0.000000,0.000000
2,2026-05-18_12-20-01,512,50,200,64,REALISTIC,656.612,0.000,0.000,0.000,0.000,0.000000,0.000000,0.000000
2,2026-05-18_12-30-59,512,50,200,128,OPENMP,658.141,658.141,0.000,658.141,658.141,0.000622,1.000000,1.000000
2,2026-05-18_12-30-59,512,50,200,128,GLOBAL,658.141,0.000,0.000,0.000,0.000,0.000000,0.000000,0.000000
2,2026-05-18_12-30-59,512,50,200,128,CONSTANT,658.141,0.000,0.000,0.000,0.000,0.000000,0.000000,0.000000
2,2026-05-18_12-30-59,512,50,200,128,SHARED,658.141,0.000,0.000,0.000,0.000,0.000000,0.000000,0.000000
2,2026-05-18_12-30-59,512,50,200,128,1D TEXTURE,658.141,0.000,0.000,0.000,0.000,0.000000,0.000000,0.000000
2,2026-05-18_12-30-59,512,50,200,128,2D TEXTURE,658.141,0.000,0.000,0.000,0.000,0.000000,0.000000,0.000000
2,2026-05-18_12-30-59,512,50,200,128,2D TEXTURE + CONSTANT,658.141,0.000,0.000,0.000,0.000,0.000000,0.000000,0.000000
2,2026-05-18_12-30-59,512,50,200,128,REALISTIC,658.141,0.000,0.000,0.000,0.000,0.000000,0.000000,0.000000
2,2026-05-18_12-41-58,512,50,200,128,OPENMP,656.612,656.612,0.000,656.612,656.612,0.000624,1.000000,1.000000
2,2026-05-18_12-41-58,512,50,200,128,GLOBAL,656.612,0.000,0.000,0.000,0.000,0.000000,0.000000,0.000000
2,2026-05-18_12-41-58,512,50,200,128,CONSTANT,656.612,0.000,0.000,0.000,0.000,0.000000,0.000000,0.000000
2,2026-05-18_12-41-58,512,50,200,128,SHARED,656.612,0.000,0.000,0.000,0.000,0.000000,0.000000,0.000000
2,2026-05-18_12-41-58,512,50,200,128,1D TEXTURE,656.612,0.000,0.000,0.000,0.000,0.000000,0.000000,0.000000
2,2026-05-18_12-41-58,512,50,200,128,2D TEXTURE,656.612,0.000,0.000,0.000,0.000,0.000000,0.000000,0.000000
2,2026-05-18_12-41-58,512,50,200,128,2D TEXTURE + CONSTANT,656.612,0.000,0.000,0.000,0.000,0.000000,0.000000,0.000000
2,2026-05-18_12-41-58,512,50,200,128,REALISTIC,656.612,0.000,0.000,0.000,0.000,0.000000,0.000000,0.000000
2,2026-05-18_12-52-56,512,50,200,128,OPENMP,656.811,656.811,0.000,656.811,656.811,0.000624,1.000000,1.000000
2,2026-05-18_12-52-56,512,50,200,128,GLOBAL,656.811,0.000,0.000,0.000,0.000,0.000000,0.000000,0.000000
2,2026-05-18_12-52-56,512,50,200,128,CONSTANT,656.811,0.000,0.000,0.000,0.000,0.000000,0.000000,0.000000
2,2026-05-18_12-52-56,512,50,200,128,SHARED,656.811,0.000,0.000,0.000,0.000,0.000000,0.000000,0.000000
2,2026-05-18_12-52-56,512,50,200,128,1D TEXTURE,656.811,0.000,0.000,0.000,0.000,0.000000,0.000000,0.000000
2,2026-05-18_12-52-56,512,50,200,128,2D TEXTURE,656.811,0.000,0.000,0.000,0.000,0.000000,0.000000,0.000000
2,2026-05-18_12-52-56,512,50,200,128,2D TEXTURE + CONSTANT,656.811,0.000,0.000,0.000,0.000,0.000000,0.000000,0.000000
2,2026-05-18_12-52-56,512,50,200,128,REALISTIC,656.811,0.000,0.000,0.000,0.000,0.000000,0.000000,0.000000
2,2026-05-18_13-03-54,512,50,200,256,OPENMP,660.634,660.634,0.000,660.634,660.634,0.000620,1.000000,1.000000
2,2026-05-18_13-03-54,512,50,200,256,GLOBAL,660.634,0.000,0.000,0.000,0.000,0.000000,0.000000,0.000000
2,2026-05-18_13-03-54,512,50,200,256,CONSTANT,660.634,0.000,0.000,0.000,0.000,0.000000,0.000000,0.000000
2,2026-05-18_13-03-54,512,50,200,256,SHARED,660.634,0.000,0.000,0.000,0.000,0.000000,0.000000,0.000000
2,2026-05-18_13-03-54,512,50,200,256,1D TEXTURE,660.634,0.000,0.000,0.000,0.000,0.000000,0.000000,0.000000
2,2026-05-18_13-03-54,512,50,200,256,2D TEXTURE,660.634,0.000,0.000,0.000,0.000,0.000000,0.000000,0.000000
2,2026-05-18_13-03-54,512,50,200,256,2D TEXTURE + CONSTANT,660.634,0.000,0.000,0.000,0.000,0.000000,0.000000,0.000000
2,2026-05-18_13-03-54,512,50,200,256,REALISTIC,660.634,0.000,0.000,0.000,0.000,0.000000,0.000000,0.000000
2,2026-05-18_13-14-56,512,50,200,256,OPENMP,657.580,657.580,0.000,657.580,657.580,0.000623,1.000000,1.000000
2,2026-05-18_13-14-56,512,50,200,256,GLOBAL,657.580,0.000,0.000,0.000,0.000,0.000000,0.000000,0.000000
2,2026-05-18_13-14-56,512,50,200,256,CONSTANT,657.580,0.000,0.000,0.000,0.000,0.000000,0.000000,0.000000
2,2026-05-18_13-14-56,512,50,200,256,SHARED,657.580,0.000,0.000,0.000,0.000,0.000000,0.000000,0.000000
2,2026-05-18_13-14-56,512,50,200,256,1D TEXTURE,657.580,0.000,0.000,0.000,0.000,0.000000,0.000000,0.000000
2,2026-05-18_13-14-56,512,50,200,256,2D TEXTURE,657.580,0.000,0.000,0.000,0.000,0.000000,0.000000,0.000000
2,2026-05-18_13-14-56,512,50,200,256,2D TEXTURE + CONSTANT,657.580,0.000,0.000,0.000,0.000,0.000000,0.000000,0.000000
2,2026-05-18_13-14-56,512,50,200,256,REALISTIC,657.580,0.000,0.000,0.000,0.000,0.000000,0.000000,0.000000
2,2026-05-18_13-25-55,512,50,200,256,OPENMP,659.070,659.070,0.000,659.070,659.070,0.000621,1.000000,1.000000
2,2026-05-18_13-25-55,512,50,200,256,GLOBAL,659.070,0.000,0.000,0.000,0.000,0.000000,0.000000,0.000000
2,2026-05-18_13-25-55,512,50,200,256,CONSTANT,659.070,0.000,0.000,0.000,0.000,0.000000,0.000000,0.000000
2,2026-05-18_13-25-55,512,50,200,256,SHARED,659.070,0.000,0.000,0.000,0.000,0.000000,0.000000,0.000000
2,2026-05-18_13-25-55,512,50,200,256,1D TEXTURE,659.070,0.000,0.000,0.000,0.000,0.000000,0.000000,0.000000
2,2026-05-18_13-25-55,512,50,200,256,2D TEXTURE,659.070,0.000,0.000,0.000,0.000,0.000000,0.000000,0.000000
2,2026-05-18_13-25-55,512,50,200,256,2D TEXTURE + CONSTANT,659.070,0.000,0.000,0.000,0.000,0.000000,0.000000,0.000000
2,2026-05-18_13-25-55,512,50,200,256,REALISTIC,659.070,0.000,0.000,0.000,0.000,0.000000,0.000000,0.000000
2,2026-05-18_13-36-55,512,50,200,512,OPENMP,660.192,660.192,0.000,660.192,660.192,0.000620,1.000000,1.000000
2,2026-05-18_13-36-55,512,50,200,512,GLOBAL,660.192,0.000,0.000,0.000,0.000,0.000000,0.000000,0.000000
2,2026-05-18_13-36-55,512,50,200,512,CONSTANT,660.192,0.000,0.000,0.000,0.000,0.000000,0.000000,0.000000
2,2026-05-18_13-36-55,512,50,200,512,SHARED,660.192,0.000,0.000,0.000,0.000,0.000000,0.000000,0.000000
2,2026-05-18_13-36-55,512,50,200,512,1D TEXTURE,660.192,0.000,0.000,0.000,0.000,0.000000,0.000000,0.000000
2,2026-05-18_13-36-55,512,50,200,512,2D TEXTURE,660.192,0.000,0.000,0.000,0.000,0.000000,0.000000,0.000000
2,2026-05-18_13-36-55,512,50,200,512,2D TEXTURE + CONSTANT,660.192,0.000,0.000,0.000,0.000,0.000000,0.000000,0.000000
2,2026-05-18_13-36-55,512,50,200,512,REALISTIC,660.192,0.000,0.000,0.000,0.000,0.000000,0.000000,0.000000
2,2026-05-18_13-47-57,512,50,200,512,OPENMP,658.104,658.104,0.000,658.104,658.104,0.000622,1.000000,1.000000
2,2026-05-18_13-47-57,512,50,200,512,GLOBAL,658.104,0.000,0.000,0.000,0.000,0.000000,0.000000,0.000000
2,2026-05-18_13-47-57,512,50,200,512,CONSTANT,658.104,0.000,0.000,0.000,0.000,0.000000,0.000000,0.000000
2,2026-05-18_13-47-57,512,50,200,512,SHARED,658.104,0.000,0.000,0.000,0.000,0.000000,0.000000,0.000000
2,2026-05-18_13-47-57,512,50,200,512,1D TEXTURE,658.104,0.000,0.000,0.000,0.000,0.000000,0.000000,0.000000
2,2026-05-18_13-47-57,512,50,200,512,2D TEXTURE,658.104,0.000,0.000,0.000,0.000,0.000000,0.000000,0.000000
2,2026-05-18_13-47-57,512,50,200,512,2D TEXTURE + CONSTANT,658.104,0.000,0.000,0.000,0.000,0.000000,0.000000,0.000000
2,2026-05-18_13-47-57,512,50,200,512,REALISTIC,658.104,0.000,0.000,0.000,0.000,0.000000,0.000000,0.000000
2,2026-05-18_13-58-56,512,50,200,512,OPENMP,657.498,657.498,0.000,657.498,657.498,0.000623,1.000000,1.000000
2,2026-05-18_13-58-56,512,50,200,512,GLOBAL,657.498,0.000,0.000,0.000,0.000,0.000000,0.000000,0.000000
2,2026-05-18_13-58-56,512,50,200,512,CONSTANT,657.498,0.000,0.000,0.000,0.000,0.000000,0.000000,0.000000
2,2026-05-18_13-58-56,512,50,200,512,SHARED,657.498,0.000,0.000,0.000,0.000,0.000000,0.000000,0.000000
2,2026-05-18_13-58-56,512,50,200,512,1D TEXTURE,657.498,0.000,0.000,0.000,0.000,0.000000,0.000000,0.000000
2,2026-05-18_13-58-56,512,50,200,512,2D TEXTURE,657.498,0.000,0.000,0.000,0.000,0.000000,0.000000,0.000000
2,2026-05-18_13-58-56,512,50,200,512,2D TEXTURE + CONSTANT,657.498,0.000,0.000,0.000,0.000,0.000000,0.000000,0.000000
2,2026-05-18_13-58-56,512,50,200,512,REALISTIC,657.498,0.000,0.000,0.000,0.000,0.000000,0.000000,0.000000
2,2026-05-18_14-09-54,512,50,200,1024,OPENMP,657.875,657.875,0.000,657.875,657.875,0.000623,1.000000,1.000000
2,2026-05-18_14-09-54,512,50,200,1024,GLOBAL,657.875,0.000,0.000,0.000,0.000,0.000000,0.000000,0.000000
2,2026-05-18_14-09-54,512,50,200,1024,CONSTANT,657.875,0.000,0.000,0.000,0.000,0.000000,0.000000,0.000000
2,2026-05-18_14-09-54,512,50,200,1024,SHARED,657.875,0.000,0.000,0.000,0.000,0.000000,0.000000,0.000000
2,2026-05-18_14-09-54,512,50,200,1024,1D TEXTURE,657.875,0.000,0.000,0.000,0.000,0.000000,0.000000,0.000000
2,2026-05-18_14-09-54,512,50,200,1024,2D TEXTURE,657.875,0.000,0.000,0.000,0.000,0.000000,0.000000,0.000000
2,2026-05-18_14-09-54,512,50,200,1024,2D TEXTURE + CONSTANT,657.875,0.000,0.000,0.000,0.000,0.000000,0.000000,0.000000
2,2026-05-18_14-09-54,512,50,200,1024,REALISTIC,657.875,0.000,0.000,0.000,0.000,0.000000,0.000000,0.000000
2,2026-05-18_14-20-54,512,50,200,1024,OPENMP,662.120,662.120,0.000,662.120,662.120,0.000619,1.000000,1.000000
2,2026-05-18_14-20-54,512,50,200,1024,GLOBAL,662.120,0.000,0.000,0.000,0.000,0.000000,0.000000,0.000000
2,2026-05-18_14-20-54,512,50,200,1024,CONSTANT,662.120,0.000,0.000,0.000,0.000,0.000000,0.000000,0.000000
2,2026-05-18_14-20-54,512,50,200,1024,SHARED,662.120,0.000,0.000,0.000,0.000,0.000000,0.000000,0.000000
2,2026-05-18_14-20-54,512,50,200,1024,1D TEXTURE,662.120,0.000,0.000,0.000,0.000,0.000000,0.000000,0.000000
2,2026-05-18_14-20-54,512,50,200,1024,2D TEXTURE,662.120,0.000,0.000,0.000,0.000,0.000000,0.000000,0.000000
2,2026-05-18_14-20-54,512,50,200,1024,2D TEXTURE + CONSTANT,662.120,0.000,0.000,0.000,0.000,0.000000,0.000000,0.000000
2,2026-05-18_14-20-54,512,50,200,1024,REALISTIC,662.120,0.000,0.000,0.000,0.000,0.000000,0.000000,0.000000
2,2026-05-18_14-31-57,512,50,200,1024,OPENMP,655.986,655.986,0.000,655.986,655.986,0.000624,1.000000,1.000000
2,2026-05-18_14-31-57,512,50,200,1024,GLOBAL,655.986,0.000,0.000,0.000,0.000,0.000000,0.000000,0.000000
2,2026-05-18_14-31-57,512,50,200,1024,CONSTANT,655.986,0.000,0.000,0.000,0.000,0.000000,0.000000,0.000000
2,2026-05-18_14-31-57,512,50,200,1024,SHARED,655.986,0.000,0.000,0.000,0.000,0.000000,0.000000,0.000000
2,2026-05-18_14-31-57,512,50,200,1024,1D TEXTURE,655.986,0.000,0.000,0.000,0.000,0.000000,0.000000,0.000000
2,2026-05-18_14-31-57,512,50,200,1024,2D TEXTURE,655.986,0.000,0.000,0.000,0.000,0.000000,0.000000,0.000000
2,2026-05-18_14-31-57,512,50,200,1024,2D TEXTURE + CONSTANT,655.986,0.000,0.000,0.000,0.000,0.000000,0.000000,0.000000
2,2026-05-18_14-31-57,512,50,200,1024,REALISTIC,655.986,0.000,0.000,0.000,0.000,0.000000,0.000000,0.000000
2,2026-05-18_14-42-54,512,50,50,256,OPENMP,194.531,194.531,0.000,194.531,194.531,0.002106,1.000000,1.000000
2,2026-05-18_14-42-54,512,50,50,256,GLOBAL,194.531,0.000,0.000,0.000,0.000,0.000000,0.000000,0.000000
2,2026-05-18_14-42-54,512,50,50,256,CONSTANT,194.531,0.000,0.000,0.000,0.000,0.000000,0.000000,0.000000
2,2026-05-18_14-42-54,512,50,50,256,SHARED,194.531,0.000,0.000,0.000,0.000,0.000000,0.000000,0.000000
2,2026-05-18_14-42-54,512,50,50,256,1D TEXTURE,194.531,0.000,0.000,0.000,0.000,0.000000,0.000000,0.000000
2,2026-05-18_14-42-54,512,50,50,256,2D TEXTURE,194.531,0.000,0.000,0.000,0.000,0.000000,0.000000,0.000000
2,2026-05-18_14-42-54,512,50,50,256,2D TEXTURE + CONSTANT,194.531,0.000,0.000,0.000,0.000,0.000000,0.000000,0.000000
2,2026-05-18_14-42-54,512,50,50,256,REALISTIC,194.531,0.000,0.000,0.000,0.000,0.000000,0.000000,0.000000
2,2026-05-18_14-46-10,512,50,50,256,OPENMP,188.326,188.326,0.000,188.326,188.326,0.002175,1.000000,1.000000
2,2026-05-18_14-46-10,512,50,50,256,GLOBAL,188.326,0.000,0.000,0.000,0.000,0.000000,0.000000,0.000000
2,2026-05-18_14-46-10,512,50,50,256,CONSTANT,188.326,0.000,0.000,0.000,0.000,0.000000,0.000000,0.000000
2,2026-05-18_14-46-10,512,50,50,256,SHARED,188.326,0.000,0.000,0.000,0.000,0.000000,0.000000,0.000000
2,2026-05-18_14-46-10,512,50,50,256,1D TEXTURE,188.326,0.000,0.000,0.000,0.000,0.000000,0.000000,0.000000
2,2026-05-18_14-46-10,512,50,50,256,2D TEXTURE,188.326,0.000,0.000,0.000,0.000,0.000000,0.000000,0.000000
2,2026-05-18_14-46-10,512,50,50,256,2D TEXTURE + CONSTANT,188.326,0.000,0.000,0.000,0.000,0.000000,0.000000,0.000000
2,2026-05-18_14-46-10,512,50,50,256,REALISTIC,188.326,0.000,0.000,0.000,0.000,0.000000,0.000000,0.000000
2,2026-05-18_14-49-19,512,50,50,256,OPENMP,198.155,198.155,0.000,198.155,198.155,0.002067,1.000000,1.000000
2,2026-05-18_14-49-19,512,50,50,256,GLOBAL,198.155,0.000,0.000,0.000,0.000,0.000000,0.000000,0.000000
2,2026-05-18_14-49-19,512,50,50,256,CONSTANT,198.155,0.000,0.000,0.000,0.000,0.000000,0.000000,0.000000
2,2026-05-18_14-49-19,512,50,50,256,SHARED,198.155,0.000,0.000,0.000,0.000,0.000000,0.000000,0.000000
2,2026-05-18_14-49-19,512,50,50,256,1D TEXTURE,198.155,0.000,0.000,0.000,0.000,0.000000,0.000000,0.000000
2,2026-05-18_14-49-19,512,50,50,256,2D TEXTURE,198.155,0.000,0.000,0.000,0.000,0.000000,0.000000,0.000000
2,2026-05-18_14-49-19,512,50,50,256,2D TEXTURE + CONSTANT,198.155,0.000,0.000,0.000,0.000,0.000000,0.000000,0.000000
2,2026-05-18_14-49-19,512,50,50,256,REALISTIC,198.155,0.000,0.000,0.000,0.000,0.000000,0.000000,0.000000
2,2026-05-18_14-52-39,512,50,100,256,OPENMP,361.478,361.478,0.000,361.478,361.478,0.001133,1.000000,1.000000
2,2026-05-18_14-52-39,512,50,100,256,GLOBAL,361.478,0.000,0.000,0.000,0.000,0.000000,0.000000,0.000000
2,2026-05-18_14-52-39,512,50,100,256,CONSTANT,361.478,0.000,0.000,0.000,0.000,0.000000,0.000000,0.000000
2,2026-05-18_14-52-39,512,50,100,256,SHARED,361.478,0.000,0.000,0.000,0.000,0.000000,0.000000,0.000000
2,2026-05-18_14-52-39,512,50,100,256,1D TEXTURE,361.478,0.000,0.000,0.000,0.000,0.000000,0.000000,0.000000
2,2026-05-18_14-52-39,512,50,100,256,2D TEXTURE,361.478,0.000,0.000,0.000,0.000,0.000000,0.000000,0.000000
2,2026-05-18_14-52-39,512,50,100,256,2D TEXTURE + CONSTANT,361.478,0.000,0.000,0.000,0.000,0.000000,0.000000,0.000000
2,2026-05-18_14-52-39,512,50,100,256,REALISTIC,361.478,0.000,0.000,0.000,0.000,0.000000,0.000000,0.000000
2,2026-05-18_14-58-41,512,50,100,256,OPENMP,370.799,370.799,0.000,370.799,370.799,0.001105,1.000000,1.000000
2,2026-05-18_14-58-41,512,50,100,256,GLOBAL,370.799,0.000,0.000,0.000,0.000,0.000000,0.000000,0.000000
2,2026-05-18_14-58-41,512,50,100,256,CONSTANT,370.799,0.000,0.000,0.000,0.000,0.000000,0.000000,0.000000
2,2026-05-18_14-58-41,512,50,100,256,SHARED,370.799,0.000,0.000,0.000,0.000,0.000000,0.000000,0.000000
2,2026-05-18_14-58-41,512,50,100,256,1D TEXTURE,370.799,0.000,0.000,0.000,0.000,0.000000,0.000000,0.000000
2,2026-05-18_14-58-41,512,50,100,256,2D TEXTURE,370.799,0.000,0.000,0.000,0.000,0.000000,0.000000,0.000000
2,2026-05-18_14-58-41,512,50,100,256,2D TEXTURE + CONSTANT,370.799,0.000,0.000,0.000,0.000,0.000000,0.000000,0.000000
2,2026-05-18_14-58-41,512,50,100,256,REALISTIC,370.799,0.000,0.000,0.000,0.000,0.000000,0.000000,0.000000
2,2026-05-18_15-04-53,512,50,100,256,OPENMP,354.706,354.706,0.000,354.706,354.706,0.001155,1.000000,1.000000
2,2026-05-18_15-04-53,512,50,100,256,GLOBAL,354.706,0.000,0.000,0.000,0.000,0.000000,0.000000,0.000000
2,2026-05-18_15-04-53,512,50,100,256,CONSTANT,354.706,0.000,0.000,0.000,0.000,0.000000,0.000000,0.000000
2,2026-05-18_15-04-53,512,50,100,256,SHARED,354.706,0.000,0.000,0.000,0.000,0.000000,0.000000,0.000000
2,2026-05-18_15-04-53,512,50,100,256,1D TEXTURE,354.706,0.000,0.000,0.000,0.000,0.000000,0.000000,0.000000
2,2026-05-18_15-04-53,512,50,100,256,2D TEXTURE,354.706,0.000,0.000,0.000,0.000,0.000000,0.000000,0.000000
2,2026-05-18_15-04-53,512,50,100,256,2D TEXTURE + CONSTANT,354.706,0.000,0.000,0.000,0.000,0.000000,0.000000,0.000000
2,2026-05-18_15-04-53,512,50,100,256,REALISTIC,354.706,0.000,0.000,0.000,0.000,0.000000,0.000000,0.000000
2,2026-05-18_15-10-49,512,50,200,256,OPENMP,659.241,659.241,0.000,659.241,659.241,0.000621,1.000000,1.000000
2,2026-05-18_15-10-49,512,50,200,256,GLOBAL,659.241,0.000,0.000,0.000,0.000,0.000000,0.000000,0.000000
2,2026-05-18_15-10-49,512,50,200,256,CONSTANT,659.241,0.000,0.000,0.000,0.000,0.000000,0.000000,0.000000
2,2026-05-18_15-10-49,512,50,200,256,SHARED,659.241,0.000,0.000,0.000,0.000,0.000000,0.000000,0.000000
2,2026-05-18_15-10-49,512,50,200,256,1D TEXTURE,659.241,0.000,0.000,0.000,0.000,0.000000,0.000000,0.000000
2,2026-05-18_15-10-49,512,50,200,256,2D TEXTURE,659.241,0.000,0.000,0.000,0.000,0.000000,0.000000,0.000000
2,2026-05-18_15-10-49,512,50,200,256,2D TEXTURE + CONSTANT,659.241,0.000,0.000,0.000,0.000,0.000000,0.000000,0.000000
2,2026-05-18_15-10-49,512,50,200,256,REALISTIC,659.241,0.000,0.000,0.000,0.000,0.000000,0.000000,0.000000
2,2026-05-18_15-21-50,512,50,200,256,OPENMP,657.818,657.818,0.000,657.818,657.818,0.000623,1.000000,1.000000
2,2026-05-18_15-21-50,512,50,200,256,GLOBAL,657.818,0.000,0.000,0.000,0.000,0.000000,0.000000,0.000000
2,2026-05-18_15-21-50,512,50,200,256,CONSTANT,657.818,0.000,0.000,0.000,0.000,0.000000,0.000000,0.000000
2,2026-05-18_15-21-50,512,50,200,256,SHARED,657.818,0.000,0.000,0.000,0.000,0.000000,0.000000,0.000000
2,2026-05-18_15-21-50,512,50,200,256,1D TEXTURE,657.818,0.000,0.000,0.000,0.000,0.000000,0.000000,0.000000
2,2026-05-18_15-21-50,512,50,200,256,2D TEXTURE,657.818,0.000,0.000,0.000,0.000,0.000000,0.000000,0.000000
2,2026-05-18_15-21-50,512,50,200,256,2D TEXTURE + CONSTANT,657.818,0.000,0.000,0.000,0.000,0.000000,0.000000,0.000000
2,2026-05-18_15-21-50,512,50,200,256,REALISTIC,657.818,0.000,0.000,0.000,0.000,0.000000,0.000000,0.000000
2,2026-05-18_15-32-48,512,50,200,256,OPENMP,656.658,656.658,0.000,656.658,656.658,0.000624,1.000000,1.000000
2,2026-05-18_15-32-48,512,50,200,256,GLOBAL,656.658,0.000,0.000,0.000,0.000,0.000000,0.000000,0.000000
2,2026-05-18_15-32-48,512,50,200,256,CONSTANT,656.658,0.000,0.000,0.000,0.000,0.000000,0.000000,0.000000
2,2026-05-18_15-32-48,512,50,200,256,SHARED,656.658,0.000,0.000,0.000,0.000,0.000000,0.000000,0.000000
2,2026-05-18_15-32-48,512,50,200,256,1D TEXTURE,656.658,0.000,0.000,0.000,0.000,0.000000,0.000000,0.000000
2,2026-05-18_15-32-48,512,50,200,256,2D TEXTURE,656.658,0.000,0.000,0.000,0.000,0.000000,0.000000,0.000000
2,2026-05-18_15-32-48,512,50,200,256,2D TEXTURE + CONSTANT,656.658,0.000,0.000,0.000,0.000,0.000000,0.000000,0.000000
2,2026-05-18_15-32-48,512,50,200,256,REALISTIC,656.658,0.000,0.000,0.000,0.000,0.000000,0.000000,0.000000
2,2026-05-18_15-43-46,512,50,203,256,OPENMP,665.480,665.480,0.000,665.480,665.480,0.000615,1.000000,1.000000
2,2026-05-18_15-43-46,512,50,203,256,GLOBAL,665.480,0.000,0.000,0.000,0.000,0.000000,0.000000,0.000000
2,2026-05-18_15-43-46,512,50,203,256,CONSTANT,665.480,0.000,0.000,0.000,0.000,0.000000,0.000000,0.000000
2,2026-05-18_15-43-46,512,50,203,256,SHARED,665.480,0.000,0.000,0.000,0.000,0.000000,0.000000,0.000000
2,2026-05-18_15-43-46,512,50,203,256,1D TEXTURE,665.480,0.000,0.000,0.000,0.000,0.000000,0.000000,0.000000
2,2026-05-18_15-43-46,512,50,203,256,2D TEXTURE,665.480,0.000,0.000,0.000,0.000,0.000000,0.000000,0.000000
2,2026-05-18_15-43-46,512,50,203,256,2D TEXTURE + CONSTANT,665.480,0.000,0.000,0.000,0.000,0.000000,0.000000,0.000000
2,2026-05-18_15-43-46,512,50,203,256,REALISTIC,665.480,0.000,0.000,0.000,0.000,0.000000,0.000000,0.000000
2,2026-05-18_15-54-53,512,50,203,256,OPENMP,665.790,665.790,0.000,665.790,665.790,0.000615,1.000000,1.000000
2,2026-05-18_15-54-53,512,50,203,256,GLOBAL,665.790,0.000,0.000,0.000,0.000,0.000000,0.000000,0.000000
2,2026-05-18_15-54-53,512,50,203,256,CONSTANT,665.790,0.000,0.000,0.000,0.000,0.000000,0.000000,0.000000
2,2026-05-18_15-54-53,512,50,203,256,SHARED,665.790,0.000,0.000,0.000,0.000,0.000000,0.000000,0.000000
2,2026-05-18_15-54-53,512,50,203,256,1D TEXTURE,665.790,0.000,0.000,0.000,0.000,0.000000,0.000000,0.000000
2,2026-05-18_15-54-53,512,50,203,256,2D TEXTURE,665.790,0.000,0.000,0.000,0.000,0.000000,0.000000,0.000000
2,2026-05-18_15-54-53,512,50,203,256,2D TEXTURE + CONSTANT,665.790,0.000,0.000,0.000,0.000,0.000000,0.000000,0.000000
2,2026-05-18_15-54-53,512,50,203,256,REALISTIC,665.790,0.000,0.000,0.000,0.000,0.000000,0.000000,0.000000
2,2026-05-18_16-06-00,512,50,203,256,OPENMP,667.182,667.182,0.000,667.182,667.182,0.000614,1.000000,1.000000
2,2026-05-18_16-06-00,512,50,203,256,GLOBAL,667.182,0.000,0.000,0.000,0.000,0.000000,0.000000,0.000000
2,2026-05-18_16-06-00,512,50,203,256,CONSTANT,667.182,0.000,0.000,0.000,0.000,0.000000,0.000000,0.000000
2,2026-05-18_16-06-00,512,50,203,256,SHARED,667.182,0.000,0.000,0.000,0.000,0.000000,0.000000,0.000000
2,2026-05-18_16-06-00,512,50,203,256,1D TEXTURE,667.182,0.000,0.000,0.000,0.000,0.000000,0.000000,0.000000
2,2026-05-18_16-06-00,512,50,203,256,2D TEXTURE,667.182,0.000,0.000,0.000,0.000,0.000000,0.000000,0.000000
2,2026-05-18_16-06-00,512,50,203,256,2D TEXTURE + CONSTANT,667.182,0.000,0.000,0.000,0.000,0.000000,0.000000,0.000000
2,2026-05-18_16-06-00,512,50,203,256,REALISTIC,667.182,0.000,0.000,0.000,0.000,0.000000,0.000000,0.000000
2,2026-05-18_16-17-09,512,50,203,256,OPENMP,666.187,666.187,0.000,666.187,666.187,0.000615,1.000000,1.000000
2,2026-05-18_16-17-09,512,50,203,256,GLOBAL,666.187,0.000,0.000,0.000,0.000,0.000000,0.000000,0.000000
2,2026-05-18_16-17-09,512,50,203,256,CONSTANT,666.187,0.000,0.000,0.000,0.000,0.000000,0.000000,0.000000
2,2026-05-18_16-17-09,512,50,203,256,SHARED,666.187,0.000,0.000,0.000,0.000,0.000000,0.000000,0.000000
2,2026-05-18_16-17-09,512,50,203,256,1D TEXTURE,666.187,0.000,0.000,0.000,0.000,0.000000,0.000000,0.000000
2,2026-05-18_16-17-09,512,50,203,256,2D TEXTURE,666.187,0.000,0.000,0.000,0.000,0.000000,0.000000,0.000000
2,2026-05-18_16-17-09,512,50,203,256,2D TEXTURE + CONSTANT,666.187,0.000,0.000,0.000,0.000,0.000000,0.000000,0.000000
2,2026-05-18_16-17-09,512,50,203,256,REALISTIC,666.187,0.000,0.000,0.000,0.000,0.000000,0.000000,0.000000
2,2026-05-18_16-28-16,512,50,203,256,OPENMP,667.466,667.466,0.000,667.466,667.466,0.000614,1.000000,1.000000
2,2026-05-18_16-28-16,512,50,203,256,GLOBAL,667.466,0.000,0.000,0.000,0.000,0.000000,0.000000,0.000000
2,2026-05-18_16-28-16,512,50,203,256,CONSTANT,667.466,0.000,0.000,0.000,0.000,0.000000,0.000000,0.000000
2,2026-05-18_16-28-16,512,50,203,256,SHARED,667.466,0.000,0.000,0.000,0.000,0.000000,0.000000,0.000000
2,2026-05-18_16-28-16,512,50,203,256,1D TEXTURE,667.466,0.000,0.000,0.000,0.000,0.000000,0.000000,0.000000
2,2026-05-18_16-28-16,512,50,203,256,2D TEXTURE,667.466,0.000,0.000,0.000,0.000,0.000000,0.000000,0.000000
2,2026-05-18_16-28-16,512,50,203,256,2D TEXTURE + CONSTANT,667.466,0.000,0.000,0.000,0.000,0.000000,0.000000,0.000000
2,2026-05-18_16-28-16,512,50,203,256,REALISTIC,667.466,0.000,0.000,0.000,0.000,0.000000,0.000000,0.000000
2,2026-05-18_16-39-25,512,50,203,256,OPENMP,665.194,665.194,0.000,665.194,665.194,0.000616,1.000000,1.000000
2,2026-05-18_16-39-25,512,50,203,256,GLOBAL,665.194,0.000,0.000,0.000,0.000,0.000000,0.000000,0.000000
2,2026-05-18_16-39-25,512,50,203,256,CONSTANT,665.194,0.000,0.000,0.000,0.000,0.000000,0.000000,0.000000
2,2026-05-18_16-39-25,512,50,203,256,SHARED,665.194,0.000,0.000,0.000,0.000,0.000000,0.000000,0.000000
2,2026-05-18_16-39-25,512,50,203,256,1D TEXTURE,665.194,0.000,0.000,0.000,0.000,0.000000,0.000000,0.000000
2,2026-05-18_16-39-25,512,50,203,256,2D TEXTURE,665.194,0.000,0.000,0.000,0.000,0.000000,0.000000,0.000000
2,2026-05-18_16-39-25,512,50,203,256,2D TEXTURE + CONSTANT,665.194,0.000,0.000,0.000,0.000,0.000000,0.000000,0.000000
2,2026-05-18_16-39-25,512,50,203,256,REALISTIC,665.194,0.000,0.000,0.000,0.000,0.000000,0.000000,0.000000
2,2026-05-18_16-50-31,512,5,200,256,OPENMP,644.790,644.790,0.000,644.790,644.790,0.000635,1.000000,1.000000
2,2026-05-18_16-50-31,512,5,200,256,GLOBAL,644.790,0.000,0.000,0.000,0.000,0.000000,0.000000,0.000000
2,2026-05-18_16-50-31,512,5,200,256,CONSTANT,644.790,0.000,0.000,0.000,0.000,0.000000,0.000000,0.000000
2,2026-05-18_16-50-31,512,5,200,256,SHARED,644.790,0.000,0.000,0.000,0.000,0.000000,0.000000,0.000000
2,2026-05-18_16-50-31,512,5,200,256,1D TEXTURE,644.790,0.000,0.000,0.000,0.000,0.000000,0.000000,0.000000
2,2026-05-18_16-50-31,512,5,200,256,2D TEXTURE,644.790,0.000,0.000,0.000,0.000,0.000000,0.000000,0.000000
2,2026-05-18_16-50-31,512,5,200,256,2D TEXTURE + CONSTANT,644.790,0.000,0.000,0.000,0.000,0.000000,0.000000,0.000000
2,2026-05-18_16-50-31,512,5,200,256,REALISTIC,644.790,0.000,0.000,0.000,0.000,0.000000,0.000000,0.000000
2,2026-05-18_17-01-17,512,5,200,256,OPENMP,640.410,640.410,0.000,640.410,640.410,0.000640,1.000000,1.000000
2,2026-05-18_17-01-17,512,5,200,256,GLOBAL,640.410,0.000,0.000,0.000,0.000,0.000000,0.000000,0.000000
2,2026-05-18_17-01-17,512,5,200,256,CONSTANT,640.410,0.000,0.000,0.000,0.000,0.000000,0.000000,0.000000
2,2026-05-18_17-01-17,512,5,200,256,SHARED,640.410,0.000,0.000,0.000,0.000,0.000000,0.000000,0.000000
2,2026-05-18_17-01-17,512,5,200,256,1D TEXTURE,640.410,0.000,0.000,0.000,0.000,0.000000,0.000000,0.000000
2,2026-05-18_17-01-17,512,5,200,256,2D TEXTURE,640.410,0.000,0.000,0.000,0.000,0.000000,0.000000,0.000000
2,2026-05-18_17-01-17,512,5,200,256,2D TEXTURE + CONSTANT,640.410,0.000,0.000,0.000,0.000,0.000000,0.000000,0.000000
2,2026-05-18_17-01-17,512,5,200,256,REALISTIC,640.410,0.000,0.000,0.000,0.000,0.000000,0.000000,0.000000
2,2026-05-18_17-11-59,512,5,200,256,OPENMP,640.180,640.180,0.000,640.180,640.180,0.000640,1.000000,1.000000
2,2026-05-18_17-11-59,512,5,200,256,GLOBAL,640.180,0.000,0.000,0.000,0.000,0.000000,0.000000,0.000000
2,2026-05-18_17-11-59,512,5,200,256,CONSTANT,640.180,0.000,0.000,0.000,0.000,0.000000,0.000000,0.000000
2,2026-05-18_17-11-59,512,5,200,256,SHARED,640.180,0.000,0.000,0.000,0.000,0.000000,0.000000,0.000000
2,2026-05-18_17-11-59,512,5,200,256,1D TEXTURE,640.180,0.000,0.000,0.000,0.000,0.000000,0.000000,0.000000
2,2026-05-18_17-11-59,512,5,200,256,2D TEXTURE,640.180,0.000,0.000,0.000,0.000,0.000000,0.000000,0.000000
2,2026-05-18_17-11-59,512,5,200,256,2D TEXTURE + CONSTANT,640.180,0.000,0.000,0.000,0.000,0.000000,0.000000,0.000000
2,2026-05-18_17-11-59,512,5,200,256,REALISTIC,640.180,0.000,0.000,0.000,0.000,0.000000,0.000000,0.000000
2,2026-05-18_17-22-40,512,10,200,256,OPENMP,652.476,652.476,0.000,652.476,652.476,0.000628,1.000000,1.000000
2,2026-05-18_17-22-40,512,10,200,256,GLOBAL,652.476,0.000,0.000,0.000,0.000,0.000000,0.000000,0.000000
2,2026-05-18_17-22-40,512,10,200,256,CONSTANT,652.476,0.000,0.000,0.000,0.000,0.000000,0.000000,0.000000
2,2026-05-18_17-22-40,512,10,200,256,SHARED,652.476,0.000,0.000,0.000,0.000,0.000000,0.000000,0.000000
2,2026-05-18_17-22-40,512,10,200,256,1D TEXTURE,652.476,0.000,0.000,0.000,0.000,0.000000,0.000000,0.000000
2,2026-05-18_17-22-40,512,10,200,256,2D TEXTURE,652.476,0.000,0.000,0.000,0.000,0.000000,0.000000,0.000000
2,2026-05-18_17-22-40,512,10,200,256,2D TEXTURE + CONSTANT,652.476,0.000,0.000,0.000,0.000,0.000000,0.000000,0.000000
2,2026-05-18_17-22-40,512,10,200,256,REALISTIC,652.476,0.000,0.000,0.000,0.000,0.000000,0.000000,0.000000
2,2026-05-18_17-33-34,512,10,200,256,OPENMP,651.841,651.841,0.000,651.841,651.841,0.000628,1.000000,1.000000
2,2026-05-18_17-33-34,512,10,200,256,GLOBAL,651.841,0.000,0.000,0.000,0.000,0.000000,0.000000,0.000000
2,2026-05-18_17-33-34,512,10,200,256,CONSTANT,651.841,0.000,0.000,0.000,0.000,0.000000,0.000000,0.000000
2,2026-05-18_17-33-34,512,10,200,256,SHARED,651.841,0.000,0.000,0.000,0.000,0.000000,0.000000,0.000000
2,2026-05-18_17-33-34,512,10,200,256,1D TEXTURE,651.841,0.000,0.000,0.000,0.000,0.000000,0.000000,0.000000
2,2026-05-18_17-33-34,512,10,200,256,2D TEXTURE,651.841,0.000,0.000,0.000,0.000,0.000000,0.000000,0.000000
2,2026-05-18_17-33-34,512,10,200,256,2D TEXTURE + CONSTANT,651.841,0.000,0.000,0.000,0.000,0.000000,0.000000,0.000000
2,2026-05-18_17-33-34,512,10,200,256,REALISTIC,651.841,0.000,0.000,0.000,0.000,0.000000,0.000000,0.000000
2,2026-05-18_17-44-27,512,10,200,256,OPENMP,652.019,652.019,0.000,652.019,652.019,0.000628,1.000000,1.000000
2,2026-05-18_17-44-27,512,10,200,256,GLOBAL,652.019,0.000,0.000,0.000,0.000,0.000000,0.000000,0.000000
2,2026-05-18_17-44-27,512,10,200,256,CONSTANT,652.019,0.000,0.000,0.000,0.000,0.000000,0.000000,0.000000
2,2026-05-18_17-44-27,512,10,200,256,SHARED,652.019,0.000,0.000,0.000,0.000,0.000000,0.000000,0.000000
2,2026-05-18_17-44-27,512,10,200,256,1D TEXTURE,652.019,0.000,0.000,0.000,0.000,0.000000,0.000000,0.000000
2,2026-05-18_17-44-27,512,10,200,256,2D TEXTURE,652.019,0.000,0.000,0.000,0.000,0.000000,0.000000,0.000000
2,2026-05-18_17-44-27,512,10,200,256,2D TEXTURE + CONSTANT,652.019,0.000,0.000,0.000,0.000,0.000000,0.000000,0.000000
2,2026-05-18_17-44-27,512,10,200,256,REALISTIC,652.019,0.000,0.000,0.000,0.000,0.000000,0.000000,0.000000
2,2026-05-18_17-55-20,512,25,200,256,OPENMP,655.900,655.900,0.000,655.900,655.900,0.000624,1.000000,1.000000
2,2026-05-18_17-55-20,512,25,200,256,GLOBAL,655.900,0.000,0.000,0.000,0.000,0.000000,0.000000,0.000000
2,2026-05-18_17-55-20,512,25,200,256,CONSTANT,655.900,0.000,0.000,0.000,0.000,0.000000,0.000000,0.000000
2,2026-05-18_17-55-20,512,25,200,256,SHARED,655.900,0.000,0.000,0.000,0.000,0.000000,0.000000,0.000000
2,2026-05-18_17-55-20,512,25,200,256,1D TEXTURE,655.900,0.000,0.000,0.000,0.000,0.000000,0.000000,0.000000
2,2026-05-18_17-55-20,512,25,200,256,2D TEXTURE,655.900,0.000,0.000,0.000,0.000,0.000000,0.000000,0.000000
2,2026-05-18_17-55-20,512,25,200,256,2D TEXTURE + CONSTANT,655.900,0.000,0.000,0.000,0.000,0.000000,0.000000,0.000000
2,2026-05-18_17-55-20,512,25,200,256,REALISTIC,655.900,0.000,0.000,0.000,0.000,0.000000,0.000000,0.000000
2,2026-05-18_18-06-17,512,25,200,256,OPENMP,656.676,656.676,0.000,656.676,656.676,0.000624,1.000000,1.000000
2,2026-05-18_18-06-17,512,25,200,256,GLOBAL,656.676,0.000,0.000,0.000,0.000,0.000000,0.000000,0.000000
2,2026-05-18_18-06-17,512,25,200,256,CONSTANT,656.676,0.000,0.000,0.000,0.000,0.000000,0.000000,0.000000
2,2026-05-18_18-06-17,512,25,200,256,SHARED,656.676,0.000,0.000,0.000,0.000,0.000000,0.000000,0.000000
2,2026-05-18_18-06-17,512,25,200,256,1D TEXTURE,656.676,0.000,0.000,0.000,0.000,0.000000,0.000000,0.000000
2,2026-05-18_18-06-17,512,25,200,256,2D TEXTURE,656.676,0.000,0.000,0.000,0.000,0.000000,0.000000,0.000000
2,2026-05-18_18-06-17,512,25,200,256,2D TEXTURE + CONSTANT,656.676,0.000,0.000,0.000,0.000,0.000000,0.000000,0.000000
2,2026-05-18_18-06-17,512,25,200,256,REALISTIC,656.676,0.000,0.000,0.000,0.000,0.000000,0.000000,0.000000
2,2026-05-18_18-17-15,512,25,200,256,OPENMP,656.186,656.186,0.000,656.186,656.186,0.000624,1.000000,1.000000
2,2026-05-18_18-17-15,512,25,200,256,GLOBAL,656.186,0.000,0.000,0.000,0.000,0.000000,0.000000,0.000000
2,2026-05-18_18-17-15,512,25,200,256,CONSTANT,656.186,0.000,0.000,0.000,0.000,0.000000,0.000000,0.000000
2,2026-05-18_18-17-15,512,25,200,256,SHARED,656.186,0.000,0.000,0.000,0.000,0.000000,0.000000,0.000000
2,2026-05-18_18-17-15,512,25,200,256,1D TEXTURE,656.186,0.000,0.000,0.000,0.000,0.000000,0.000000,0.000000
2,2026-05-18_18-17-15,512,25,200,256,2D TEXTURE,656.186,0.000,0.000,0.000,0.000,0.000000,0.000000,0.000000
2,2026-05-18_18-17-15,512,25,200,256,2D TEXTURE + CONSTANT,656.186,0.000,0.000,0.000,0.000,0.000000,0.000000,0.000000
2,2026-05-18_18-17-15,512,25,200,256,REALISTIC,656.186,0.000,0.000,0.000,0.000,0.000000,0.000000,0.000000
2,2026-05-18_18-28-12,512,50,200,256,OPENMP,657.199,657.199,0.000,657.199,657.199,0.000623,1.000000,1.000000
2,2026-05-18_18-28-12,512,50,200,256,GLOBAL,657.199,0.000,0.000,0.000,0.000,0.000000,0.000000,0.000000
2,2026-05-18_18-28-12,512,50,200,256,CONSTANT,657.199,0.000,0.000,0.000,0.000,0.000000,0.000000,0.000000
2,2026-05-18_18-28-12,512,50,200,256,SHARED,657.199,0.000,0.000,0.000,0.000,0.000000,0.000000,0.000000
2,2026-05-18_18-28-12,512,50,200,256,1D TEXTURE,657.199,0.000,0.000,0.000,0.000,0.000000,0.000000,0.000000
2,2026-05-18_18-28-12,512,50,200,256,2D TEXTURE,657.199,0.000,0.000,0.000,0.000,0.000000,0.000000,0.000000
2,2026-05-18_18-28-12,512,50,200,256,2D TEXTURE + CONSTANT,657.199,0.000,0.000,0.000,0.000,0.000000,0.000000,0.000000
2,2026-05-18_18-28-12,512,50,200,256,REALISTIC,657.199,0.000,0.000,0.000,0.000,0.000000,0.000000,0.000000
2,2026-05-18_18-39-11,512,50,200,256,OPENMP,658.252,658.252,0.000,658.252,658.252,0.000622,1.000000,1.000000
2,2026-05-18_18-39-11,512,50,200,256,GLOBAL,658.252,0.000,0.000,0.000,0.000,0.000000,0.000000,0.000000
2,2026-05-18_18-39-11,512,50,200,256,CONSTANT,658.252,0.000,0.000,0.000,0.000,0.000000,0.000000,0.000000
2,2026-05-18_18-39-11,512,50,200,256,SHARED,658.252,0.000,0.000,0.000,0.000,0.000000,0.000000,0.000000
2,2026-05-18_18-39-11,512,50,200,256,1D TEXTURE,658.252,0.000,0.000,0.000,0.000,0.000000,0.000000,0.000000
2,2026-05-18_18-39-11,512,50,200,256,2D TEXTURE,658.252,0.000,0.000,0.000,0.000,0.000000,0.000000,0.000000
2,2026-05-18_18-39-11,512,50,200,256,2D TEXTURE + CONSTANT,658.252,0.000,0.000,0.000,0.000,0.000000,0.000000,0.000000
2,2026-05-18_18-39-11,512,50,200,256,REALISTIC,658.252,0.000,0.000,0.000,0.000,0.000000,0.000000,0.000000
2,2026-05-18_18-50-10,512,50,200,256,OPENMP,656.301,656.301,0.000,656.301,656.301,0.000624,1.000000,1.000000
2,2026-05-18_18-50-10,512,50,200,256,GLOBAL,656.301,0.000,0.000,0.000,0.000,0.000000,0.000000,0.000000
2,2026-05-18_18-50-10,512,50,200,256,CONSTANT,656.301,0.000,0.000,0.000,0.000,0.000000,0.000000,0.000000
2,2026-05-18_18-50-10,512,50,200,256,SHARED,656.301,0.000,0.000,0.000,0.000,0.000000,0.000000,0.000000
2,2026-05-18_18-50-10,512,50,200,256,1D TEXTURE,656.301,0.000,0.000,0.000,0.000,0.000000,0.000000,0.000000
2,2026-05-18_18-50-10,512,50,200,256,2D TEXTURE,656.301,0.000,0.000,0.000,0.000,0.000000,0.000000,0.000000
2,2026-05-18_18-50-10,512,50,200,256,2D TEXTURE + CONSTANT,656.301,0.000,0.000,0.000,0.000,0.000000,0.000000,0.000000
2,2026-05-18_18-50-10,512,50,200,256,REALISTIC,656.301,0.000,0.000,0.000,0.000,0.000000,0.000000,0.000000
2,2026-05-18_19-01-08,512,75,200,256,OPENMP,657.445,657.445,0.000,657.445,657.445,0.000623,1.000000,1.000000
2,2026-05-18_19-01-08,512,75,200,256,GLOBAL,657.445,0.000,0.000,0.000,0.000,0.000000,0.000000,0.000000
2,2026-05-18_19-01-08,512,75,200,256,CONSTANT,657.445,0.000,0.000,0.000,0.000,0.000000,0.000000,0.000000
2,2026-05-18_19-01-08,512,75,200,256,SHARED,657.445,0.000,0.000,0.000,0.000,0.000000,0.000000,0.000000
2,2026-05-18_19-01-08,512,75,200,256,1D TEXTURE,657.445,0.000,0.000,0.000,0.000,0.000000,0.000000,0.000000
2,2026-05-18_19-01-08,512,75,200,256,2D TEXTURE,657.445,0.000,0.000,0.000,0.000,0.000000,0.000000,0.000000
2,2026-05-18_19-01-08,512,75,200,256,2D TEXTURE + CONSTANT,657.445,0.000,0.000,0.000,0.000,0.000000,0.000000,0.000000
2,2026-05-18_19-01-08,512,75,200,256,REALISTIC,657.445,0.000,0.000,0.000,0.000,0.000000,0.000000,0.000000
2,2026-05-18_19-12-06,512,75,200,256,OPENMP,656.648,656.648,0.000,656.648,656.648,0.000624,1.000000,1.000000
2,2026-05-18_19-12-06,512,75,200,256,GLOBAL,656.648,0.000,0.000,0.000,0.000,0.000000,0.000000,0.000000
2,2026-05-18_19-12-06,512,75,200,256,CONSTANT,656.648,0.000,0.000,0.000,0.000,0.000000,0.000000,0.000000
2,2026-05-18_19-12-06,512,75,200,256,SHARED,656.648,0.000,0.000,0.000,0.000,0.000000,0.000000,0.000000
2,2026-05-18_19-12-06,512,75,200,256,1D TEXTURE,656.648,0.000,0.000,0.000,0.000,0.000000,0.000000,0.000000
2,2026-05-18_19-12-06,512,75,200,256,2D TEXTURE,656.648,0.000,0.000,0.000,0.000,0.000000,0.000000,0.000000
2,2026-05-18_19-12-06,512,75,200,256,2D TEXTURE + CONSTANT,656.648,0.000,0.000,0.000,0.000,0.000000,0.000000,0.000000
2,2026-05-18_19-12-06,512,75,200,256,REALISTIC,656.648,0.000,0.000,0.000,0.000,0.000000,0.000000,0.000000
2,2026-05-18_19-23-04,512,75,200,256,OPENMP,656.688,656.688,0.000,656.688,656.688,0.000624,1.000000,1.000000
2,2026-05-18_19-23-04,512,75,200,256,GLOBAL,656.688,0.000,0.000,0.000,0.000,0.000000,0.000000,0.000000
2,2026-05-18_19-23-04,512,75,200,256,CONSTANT,656.688,0.000,0.000,0.000,0.000,0.000000,0.000000,0.000000
2,2026-05-18_19-23-04,512,75,200,256,SHARED,656.688,0.000,0.000,0.000,0.000,0.000000,0.000000,0.000000
2,2026-05-18_19-23-04,512,75,200,256,1D TEXTURE,656.688,0.000,0.000,0.000,0.000,0.000000,0.000000,0.000000
2,2026-05-18_19-23-04,512,75,200,256,2D TEXTURE,656.688,0.000,0.000,0.000,0.000,0.000000,0.000000,0.000000
2,2026-05-18_19-23-04,512,75,200,256,2D TEXTURE + CONSTANT,656.688,0.000,0.000,0.000,0.000,0.000000,0.000000,0.000000
2,2026-05-18_19-23-04,512,75,200,256,REALISTIC,656.688,0.000,0.000,0.000,0.000,0.000000,0.000000,0.000000
2,2026-05-18_19-34-02,512,100,200,256,OPENMP,657.449,657.449,0.000,657.449,657.449,0.000623,1.000000,1.000000
2,2026-05-18_19-34-02,512,100,200,256,GLOBAL,657.449,0.000,0.000,0.000,0.000,0.000000,0.000000,0.000000
2,2026-05-18_19-34-02,512,100,200,256,CONSTANT,657.449,0.000,0.000,0.000,0.000,0.000000,0.000000,0.000000
2,2026-05-18_19-34-02,512,100,200,256,SHARED,657.449,0.000,0.000,0.000,0.000,0.000000,0.000000,0.000000
2,2026-05-18_19-34-02,512,100,200,256,1D TEXTURE,657.449,0.000,0.000,0.000,0.000,0.000000,0.000000,0.000000
2,2026-05-18_19-34-02,512,100,200,256,2D TEXTURE,657.449,0.000,0.000,0.000,0.000,0.000000,0.000000,0.000000
2,2026-05-18_19-34-02,512,100,200,256,2D TEXTURE + CONSTANT,657.449,0.000,0.000,0.000,0.000,0.000000,0.000000,0.000000
2,2026-05-18_19-34-02,512,100,200,256,REALISTIC,657.449,0.000,0.000,0.000,0.000,0.000000,0.000000,0.000000
2,2026-05-18_19-45-01,512,100,200,256,OPENMP,655.656,655.656,0.000,655.656,655.656,0.000625,1.000000,1.000000
2,2026-05-18_19-45-01,512,100,200,256,GLOBAL,655.656,0.000,0.000,0.000,0.000,0.000000,0.000000,0.000000
2,2026-05-18_19-45-01,512,100,200,256,CONSTANT,655.656,0.000,0.000,0.000,0.000,0.000000,0.000000,0.000000
2,2026-05-18_19-45-01,512,100,200,256,SHARED,655.656,0.000,0.000,0.000,0.000,0.000000,0.000000,0.000000
2,2026-05-18_19-45-01,512,100,200,256,1D TEXTURE,655.656,0.000,0.000,0.000,0.000,0.000000,0.000000,0.000000
2,2026-05-18_19-45-01,512,100,200,256,2D TEXTURE,655.656,0.000,0.000,0.000,0.000,0.000000,0.000000,0.000000
2,2026-05-18_19-45-01,512,100,200,256,2D TEXTURE + CONSTANT,655.656,0.000,0.000,0.000,0.000,0.000000,0.000000,0.000000
2,2026-05-18_19-45-01,512,100,200,256,REALISTIC,655.656,0.000,0.000,0.000,0.000,0.000000,0.000000,0.000000
2,2026-05-18_19-55-58,512,100,200,256,OPENMP,656.975,656.975,0.000,656.975,656.975,0.000623,1.000000,1.000000
2,2026-05-18_19-55-58,512,100,200,256,GLOBAL,656.975,0.000,0.000,0.000,0.000,0.000000,0.000000,0.000000
2,2026-05-18_19-55-58,512,100,200,256,CONSTANT,656.975,0.000,0.000,0.000,0.000,0.000000,0.000000,0.000000
2,2026-05-18_19-55-58,512,100,200,256,SHARED,656.975,0.000,0.000,0.000,0.000,0.000000,0.000000,0.000000
2,2026-05-18_19-55-58,512,100,200,256,1D TEXTURE,656.975,0.000,0.000,0.000,0.000,0.000000,0.000000,0.000000
2,2026-05-18_19-55-58,512,100,200,256,2D TEXTURE,656.975,0.000,0.000,0.000,0.000,0.000000,0.000000,0.000000
2,2026-05-18_19-55-58,512,100,200,256,2D TEXTURE + CONSTANT,656.975,0.000,0.000,0.000,0.000,0.000000,0.000000,0.000000
2,2026-05-18_19-55-58,512,100,200,256,REALISTIC,656.975,0.000,0.000,0.000,0.000,0.000000,0.000000,0.000000
