date_time,max_spheres,ray_depth,num_spheres,block_size,implementation,openmp_time_s,kernel_time_s,memory_transfer_time_s,total_without_mem_s,total_with_mem_s,throughput_mpixels_sec,speedup_vs_openmp_kernel,speedup_vs_openmp_with_mem
2026-05-14_08-40-10,512,50,200,32,OPENMP,656.509,656.509,0.000,656.509,656.509,0.000624,1.000000,1.000000
2026-05-14_08-40-10,512,50,200,32,GLOBAL,656.509,11.819,0.006,11.819,11.824,0.034657,55.548518,55.521183
2026-05-14_08-40-10,512,50,200,32,CONSTANT,656.509,11.718,0.120,11.718,11.838,0.034954,56.025082,55.458851
2026-05-14_08-40-10,512,50,200,32,SHARED,656.509,16.464,0.120,16.464,16.584,0.024878,39.875364,39.587676
2026-05-14_08-40-10,512,50,200,32,1D TEXTURE,656.509,11.766,0.004,11.766,11.770,0.034813,55.798385,55.778983
2026-05-14_08-40-10,512,50,200,32,2D TEXTURE,656.509,11.741,0.015,11.741,11.756,0.034885,55.914476,55.843825
2026-05-14_08-40-10,512,50,200,32,2D TEXTURE + CONSTANT,656.509,11.724,0.129,11.724,11.853,0.034937,55.997829,55.386852
2026-05-14_08-40-10,512,50,200,32,REALISTIC,656.509,11.826,0.015,11.826,11.841,0.034635,55.513001,55.443363
2026-05-14_08-52-35,512,50,200,32,OPENMP,659.045,659.045,0.000,659.045,659.045,0.000622,1.000000,1.000000
2026-05-14_08-52-35,512,50,200,32,GLOBAL,659.045,11.797,0.005,11.797,11.801,0.034721,55.866488,55.844382
2026-05-14_08-52-35,512,50,200,32,CONSTANT,659.045,11.731,0.010,11.731,11.742,0.034915,56.177453,56.128993
2026-05-14_08-52-35,512,50,200,32,SHARED,659.045,16.454,0.010,16.454,16.464,0.024894,40.054360,40.029671
2026-05-14_08-52-35,512,50,200,32,1D TEXTURE,659.045,11.761,0.004,11.761,11.765,0.034826,56.035498,56.016003
2026-05-14_08-52-35,512,50,200,32,2D TEXTURE,659.045,11.752,0.006,11.752,11.758,0.034855,56.081190,56.053059
2026-05-14_08-52-35,512,50,200,32,2D TEXTURE + CONSTANT,659.045,11.711,0.012,11.711,11.723,0.034975,56.274023,56.216290
2026-05-14_08-52-35,512,50,200,32,REALISTIC,659.045,11.815,0.006,11.815,11.821,0.034667,55.779390,55.751569
2026-05-14_09-05-02,512,50,200,32,OPENMP,655.193,655.193,0.000,655.193,655.193,0.000625,1.000000,1.000000
2026-05-14_09-05-02,512,50,200,32,GLOBAL,655.193,11.820,0.006,11.820,11.826,0.034654,55.432685,55.404441
2026-05-14_09-05-02,512,50,200,32,CONSTANT,655.193,11.684,0.011,11.684,11.695,0.035058,56.078010,56.025682
2026-05-14_09-05-02,512,50,200,32,SHARED,655.193,16.451,0.011,16.451,16.462,0.024898,39.825994,39.799813
2026-05-14_09-05-02,512,50,200,32,1D TEXTURE,655.193,11.765,0.005,11.765,11.769,0.034816,55.691876,55.668975
2026-05-14_09-05-02,512,50,200,32,2D TEXTURE,655.193,11.696,0.005,11.696,11.701,0.035021,56.018873,55.995441
2026-05-14_09-05-02,512,50,200,32,2D TEXTURE + CONSTANT,655.193,11.729,0.010,11.729,11.740,0.034921,55.859258,55.809990
2026-05-14_09-05-02,512,50,200,32,REALISTIC,655.193,11.839,0.005,11.839,11.844,0.034598,55.343390,55.320337
2026-05-14_09-17-26,512,50,200,64,OPENMP,655.915,655.915,0.000,655.915,655.915,0.000624,1.000000,1.000000
2026-05-14_09-17-26,512,50,200,64,GLOBAL,655.915,11.885,0.005,11.885,11.890,0.034462,55.186383,55.164665
2026-05-14_09-17-26,512,50,200,64,CONSTANT,655.915,11.742,0.011,11.742,11.753,0.034883,55.859374,55.807446
2026-05-14_09-17-26,512,50,200,64,SHARED,655.915,12.985,0.011,12.985,12.996,0.031544,50.513102,50.470661
2026-05-14_09-17-26,512,50,200,64,1D TEXTURE,655.915,11.901,0.004,11.901,11.905,0.034417,55.113597,55.094703
2026-05-14_09-17-26,512,50,200,64,2D TEXTURE,655.915,11.867,0.004,11.867,11.871,0.034517,55.274168,55.254530
2026-05-14_09-17-26,512,50,200,64,2D TEXTURE + CONSTANT,655.915,11.712,0.011,11.712,11.723,0.034973,56.004677,55.953006
2026-05-14_09-17-26,512,50,200,64,REALISTIC,655.915,11.912,0.004,11.912,11.916,0.034385,55.062943,55.044747
2026-05-14_09-29-47,512,50,200,64,OPENMP,655.802,655.802,0.000,655.802,655.802,0.000625,1.000000,1.000000
2026-05-14_09-29-47,512,50,200,64,GLOBAL,655.802,11.973,0.008,11.973,11.982,0.034209,54.771787,54.733668
2026-05-14_09-29-47,512,50,200,64,CONSTANT,655.802,11.766,0.017,11.766,11.783,0.034813,55.737976,55.657735
2026-05-14_09-29-47,512,50,200,64,SHARED,655.802,12.940,0.017,12.940,12.957,0.031654,50.680723,50.614340
2026-05-14_09-29-47,512,50,200,64,1D TEXTURE,655.802,11.899,0.004,11.899,11.903,0.034422,55.112820,55.093841
2026-05-14_09-29-47,512,50,200,64,2D TEXTURE,655.802,11.836,0.004,11.836,11.840,0.034606,55.407061,55.387314
2026-05-14_09-29-47,512,50,200,64,2D TEXTURE + CONSTANT,655.802,11.743,0.013,11.743,11.757,0.034879,55.844084,55.781266
2026-05-14_09-29-47,512,50,200,64,REALISTIC,655.802,11.941,0.004,11.941,11.945,0.034302,54.920573,54.902430
2026-05-14_09-42-08,512,50,200,64,OPENMP,656.644,656.644,0.000,656.644,656.644,0.000624,1.000000,1.000000
2026-05-14_09-42-08,512,50,200,64,GLOBAL,656.644,11.957,0.007,11.957,11.964,0.034255,54.915620,54.884377
2026-05-14_09-42-08,512,50,200,64,CONSTANT,656.644,11.717,0.019,11.717,11.736,0.034958,56.042338,55.952899
2026-05-14_09-42-08,512,50,200,64,SHARED,656.644,12.978,0.019,12.978,12.996,0.031562,50.598385,50.525456
2026-05-14_09-42-08,512,50,200,64,1D TEXTURE,656.644,11.894,0.004,11.894,11.898,0.034437,55.207005,55.188059
2026-05-14_09-42-08,512,50,200,64,2D TEXTURE,656.644,11.844,0.004,11.844,11.849,0.034582,55.438837,55.419228
2026-05-14_09-42-08,512,50,200,64,2D TEXTURE + CONSTANT,656.644,11.789,0.016,11.789,11.805,0.034745,55.701481,55.623680
2026-05-14_09-42-08,512,50,200,64,REALISTIC,656.644,11.920,0.004,11.920,11.924,0.034362,55.086285,55.068138
2026-05-14_09-54-30,512,50,200,128,OPENMP,656.170,656.170,0.000,656.170,656.170,0.000624,1.000000,1.000000
2026-05-14_09-54-30,512,50,200,128,GLOBAL,656.170,12.242,0.008,12.242,12.250,0.033458,53.599377,53.564821
2026-05-14_09-54-30,512,50,200,128,CONSTANT,656.170,11.821,0.017,11.821,11.838,0.034650,55.509138,55.430654
2026-05-14_09-54-30,512,50,200,128,SHARED,656.170,12.036,0.017,12.036,12.053,0.034032,54.517776,54.442176
2026-05-14_09-54-30,512,50,200,128,1D TEXTURE,656.170,12.236,0.004,12.236,12.240,0.033475,53.626469,53.608467
2026-05-14_09-54-30,512,50,200,128,2D TEXTURE,656.170,12.188,0.004,12.188,12.193,0.033606,53.835638,53.817054
2026-05-14_09-54-30,512,50,200,128,2D TEXTURE + CONSTANT,656.170,11.826,0.013,11.826,11.840,0.034635,55.484138,55.421273
2026-05-14_09-54-30,512,50,200,128,REALISTIC,656.170,12.216,0.004,12.216,12.220,0.033529,53.713107,53.695716
2026-05-14_10-06-52,512,50,200,128,OPENMP,656.234,656.234,0.000,656.234,656.234,0.000624,1.000000,1.000000
2026-05-14_10-06-52,512,50,200,128,GLOBAL,656.234,12.225,0.005,12.225,12.230,0.033504,53.677866,53.657279
2026-05-14_10-06-52,512,50,200,128,CONSTANT,656.234,11.808,0.010,11.808,11.818,0.034688,55.575091,55.528311
2026-05-14_10-06-52,512,50,200,128,SHARED,656.234,12.016,0.010,12.016,12.026,0.034087,54.611715,54.566455
2026-05-14_10-06-52,512,50,200,128,1D TEXTURE,656.234,12.215,0.004,12.215,12.219,0.033534,53.725358,53.707346
2026-05-14_10-06-52,512,50,200,128,2D TEXTURE,656.234,12.205,0.004,12.205,12.209,0.033560,53.768354,53.749633
2026-05-14_10-06-52,512,50,200,128,2D TEXTURE + CONSTANT,656.234,11.851,0.010,11.851,11.860,0.034564,55.375529,55.329716
2026-05-14_10-06-52,512,50,200,128,REALISTIC,656.234,12.203,0.004,12.203,12.207,0.033565,53.776250,53.758803
2026-05-14_10-19-14,512,50,200,128,OPENMP,655.683,655.683,0.000,655.683,655.683,0.000625,1.000000,1.000000
2026-05-14_10-19-14,512,50,200,128,GLOBAL,655.683,12.258,0.005,12.258,12.263,0.033415,53.489657,53.469235
2026-05-14_10-19-14,512,50,200,128,CONSTANT,655.683,11.807,0.011,11.807,11.818,0.034691,55.533381,55.480875
2026-05-14_10-19-14,512,50,200,128,SHARED,655.683,11.987,0.011,11.987,11.998,0.034170,54.698479,54.647541
2026-05-14_10-19-14,512,50,200,128,1D TEXTURE,655.683,12.195,0.004,12.195,12.199,0.033589,53.768178,53.750004
2026-05-14_10-19-14,512,50,200,128,2D TEXTURE,655.683,12.232,0.004,12.232,12.236,0.033487,53.604944,53.586529
2026-05-14_10-19-14,512,50,200,128,2D TEXTURE + CONSTANT,655.683,11.826,0.011,11.826,11.837,0.034636,55.444606,55.392795
2026-05-14_10-19-14,512,50,200,128,REALISTIC,655.683,12.239,0.004,12.239,12.243,0.033466,53.572640,53.555396
2026-05-14_10-31-36,512,50,200,256,OPENMP,656.171,656.171,0.000,656.171,656.171,0.000624,1.000000,1.000000
2026-05-14_10-31-36,512,50,200,256,GLOBAL,656.171,13.424,0.005,13.424,13.428,0.030513,48.881186,48.864157
2026-05-14_10-31-36,512,50,200,256,CONSTANT,656.171,12.382,0.016,12.382,12.398,0.033081,52.994539,52.925397
2026-05-14_10-31-36,512,50,200,256,SHARED,656.171,12.483,0.016,12.483,12.500,0.032812,52.563700,52.495685
2026-05-14_10-31-36,512,50,200,256,1D TEXTURE,656.171,13.391,0.004,13.391,13.395,0.030588,49.000783,48.985797
2026-05-14_10-31-36,512,50,200,256,2D TEXTURE,656.171,13.405,0.004,13.405,13.409,0.030555,48.948427,48.934028
2026-05-14_10-31-36,512,50,200,256,2D TEXTURE + CONSTANT,656.171,12.409,0.016,12.409,12.425,0.033008,52.877985,52.809568
2026-05-14_10-31-36,512,50,200,256,REALISTIC,656.171,13.399,0.004,13.399,13.403,0.030570,48.972125,48.956743
2026-05-14_10-44-04,512,50,200,256,OPENMP,655.777,655.777,0.000,655.777,655.777,0.000625,1.000000,1.000000
2026-05-14_10-44-04,512,50,200,256,GLOBAL,655.777,13.468,0.005,13.468,13.472,0.030414,48.692996,48.676065
2026-05-14_10-44-04,512,50,200,256,CONSTANT,655.777,12.404,0.010,12.404,12.413,0.033023,52.870287,52.828165
2026-05-14_10-44-04,512,50,200,256,SHARED,655.777,12.473,0.010,12.473,12.483,0.032840,52.577119,52.535471
2026-05-14_10-44-04,512,50,200,256,1D TEXTURE,655.777,13.397,0.004,13.397,13.401,0.030574,48.948916,48.933908
2026-05-14_10-44-04,512,50,200,256,2D TEXTURE,655.777,13.408,0.004,13.408,13.412,0.030548,48.908509,48.894170
2026-05-14_10-44-04,512,50,200,256,2D TEXTURE + CONSTANT,655.777,12.403,0.010,12.403,12.413,0.033024,52.872258,52.830592
2026-05-14_10-44-04,512,50,200,256,REALISTIC,655.777,13.398,0.004,13.398,13.402,0.030572,48.945968,48.930636
2026-05-14_10-56-32,512,50,200,256,OPENMP,656.028,656.028,0.000,656.028,656.028,0.000624,1.000000,1.000000
2026-05-14_10-56-32,512,50,200,256,GLOBAL,656.028,13.492,0.005,13.492,13.497,0.030358,48.622386,48.605527
2026-05-14_10-56-32,512,50,200,256,CONSTANT,656.028,12.412,0.013,12.412,12.425,0.033001,52.855392,52.798583
2026-05-14_10-56-32,512,50,200,256,SHARED,656.028,12.510,0.013,12.510,12.523,0.032743,52.441426,52.385513
2026-05-14_10-56-32,512,50,200,256,1D TEXTURE,656.028,13.430,0.004,13.430,13.434,0.030500,48.849537,48.834578
2026-05-14_10-56-32,512,50,200,256,2D TEXTURE,656.028,13.403,0.004,13.403,13.407,0.030559,48.944922,48.930556
2026-05-14_10-56-32,512,50,200,256,2D TEXTURE + CONSTANT,656.028,12.352,0.013,12.352,12.365,0.033161,53.111682,53.054592
2026-05-14_10-56-32,512,50,200,256,REALISTIC,656.028,13.369,0.004,13.369,13.374,0.030637,49.069158,49.053749
2026-05-14_11-09-00,512,50,200,512,OPENMP,656.563,656.563,0.000,656.563,656.563,0.000624,1.000000,1.000000
2026-05-14_11-09-00,512,50,200,512,GLOBAL,656.563,15.307,0.005,15.307,15.311,0.026760,42.894185,42.881058
2026-05-14_11-09-00,512,50,200,512,CONSTANT,656.563,14.099,0.010,14.099,14.109,0.029052,46.567780,46.535708
2026-05-14_11-09-00,512,50,200,512,SHARED,656.563,14.100,0.010,14.100,14.110,0.029049,46.563267,46.531204
2026-05-14_11-09-00,512,50,200,512,1D TEXTURE,656.563,15.243,0.004,15.243,15.247,0.026872,43.074016,43.062428
2026-05-14_11-09-00,512,50,200,512,2D TEXTURE,656.563,15.252,0.004,15.252,15.256,0.026856,43.048846,43.036972
2026-05-14_11-09-00,512,50,200,512,2D TEXTURE + CONSTANT,656.563,14.108,0.009,14.108,14.117,0.029033,46.538690,46.507886
2026-05-14_11-09-00,512,50,200,512,REALISTIC,656.563,15.283,0.004,15.283,15.288,0.026800,42.959239,42.947412
2026-05-14_11-21-41,512,50,200,512,OPENMP,656.221,656.221,0.000,656.221,656.221,0.000624,1.000000,1.000000
2026-05-14_11-21-41,512,50,200,512,GLOBAL,656.221,15.305,0.005,15.305,15.310,0.026762,42.875055,42.861909
2026-05-14_11-21-41,512,50,200,512,CONSTANT,656.221,14.088,0.010,14.088,14.098,0.029074,46.579535,46.546441
2026-05-14_11-21-41,512,50,200,512,SHARED,656.221,14.117,0.010,14.117,14.127,0.029015,46.484411,46.451432
2026-05-14_11-21-41,512,50,200,512,1D TEXTURE,656.221,15.270,0.004,15.270,15.274,0.026824,42.975434,42.963881
2026-05-14_11-21-41,512,50,200,512,2D TEXTURE,656.221,15.255,0.005,15.255,15.260,0.026850,43.015711,43.002862
2026-05-14_11-21-41,512,50,200,512,2D TEXTURE + CONSTANT,656.221,14.079,0.010,14.079,14.090,0.029092,46.609060,46.575172
2026-05-14_11-21-41,512,50,200,512,REALISTIC,656.221,15.267,0.004,15.267,15.271,0.026829,42.983149,42.971051
2026-05-14_11-34-22,512,50,200,512,OPENMP,656.342,656.342,0.000,656.342,656.342,0.000624,1.000000,1.000000
2026-05-14_11-34-22,512,50,200,512,GLOBAL,656.342,15.313,0.005,15.313,15.318,0.026749,42.862374,42.849020
2026-05-14_11-34-22,512,50,200,512,CONSTANT,656.342,14.096,0.011,14.096,14.107,0.029058,46.562823,46.525942
2026-05-14_11-34-22,512,50,200,512,SHARED,656.342,14.108,0.011,14.108,14.119,0.029034,46.523456,46.486743
2026-05-14_11-34-22,512,50,200,512,1D TEXTURE,656.342,15.255,0.004,15.255,15.259,0.026851,43.025466,43.013552
2026-05-14_11-34-22,512,50,200,512,2D TEXTURE,656.342,15.247,0.004,15.247,15.251,0.026865,43.048595,43.036478
2026-05-14_11-34-22,512,50,200,512,2D TEXTURE + CONSTANT,656.342,14.087,0.011,14.087,14.098,0.029076,46.591155,46.555561
2026-05-14_11-34-22,512,50,200,512,REALISTIC,656.342,15.292,0.004,15.292,15.297,0.026784,42.919379,42.907335
2026-05-14_11-47-03,512,50,200,1024,OPENMP,656.741,656.741,0.000,656.741,656.741,0.000624,1.000000,1.000000
2026-05-14_11-47-03,512,50,200,1024,GLOBAL,656.741,0.000,0.005,0.000,0.005,6776.072289,10864561.028971,138505.257903
2026-05-14_11-47-03,512,50,200,1024,CONSTANT,656.741,0.000,0.009,0.000,0.009,5053.296401,8102311.310904,71322.863079
2026-05-14_11-47-03,512,50,200,1024,SHARED,656.741,0.000,0.009,0.000,0.009,3588.449656,5753617.822139,70854.281235
2026-05-14_11-47-03,512,50,200,1024,1D TEXTURE,656.741,0.000,0.004,0.000,0.004,4953.560452,7942397.534537,164119.599748
2026-05-14_11-47-03,512,50,200,1024,2D TEXTURE,656.741,0.000,0.004,0.000,0.004,4453.722919,7140972.291102,157110.245913
2026-05-14_11-47-03,512,50,200,1024,2D TEXTURE + CONSTANT,656.741,0.000,0.009,0.000,0.009,4020.100529,6445714.519346,70930.195873
2026-05-14_11-47-03,512,50,200,1024,REALISTIC,656.741,0.000,0.004,0.000,0.004,3441.785421,5518460.571144,153662.428520
2026-05-14_11-58-01,512,50,200,1024,OPENMP,656.298,656.298,0.000,656.298,656.298,0.000624,1.000000,1.000000
2026-05-14_11-58-01,512,50,200,1024,GLOBAL,656.298,0.000,0.005,0.000,0.005,7407.407282,11868818.381856,139697.828642
2026-05-14_11-58-01,512,50,200,1024,CONSTANT,656.298,0.000,0.010,0.000,0.010,5797.101268,9288640.339907,64646.776968
2026-05-14_11-58-01,512,50,200,1024,SHARED,656.298,0.000,0.010,0.000,0.010,4651.162790,7452513.993105,64435.550047
2026-05-14_11-58-01,512,50,200,1024,1D TEXTURE,656.298,0.000,0.004,0.000,0.004,5055.292153,8100046.635353,163319.354279
2026-05-14_11-58-01,512,50,200,1024,2D TEXTURE,656.298,0.000,0.004,0.000,0.004,5714.285822,9155945.935866,163621.641596
2026-05-14_11-58-01,512,50,200,1024,2D TEXTURE + CONSTANT,656.298,0.000,0.010,0.000,0.010,5470.085914,8764666.742505,65054.220315
2026-05-14_11-58-01,512,50,200,1024,REALISTIC,656.298,0.000,0.004,0.000,0.004,4770.778894,7644173.740305,159769.702627
2026-05-14_12-08-58,512,50,200,1024,OPENMP,656.039,656.039,0.000,656.039,656.039,0.000624,1.000000,1.000000
2026-05-14_12-08-58,512,50,200,1024,GLOBAL,656.039,0.000,0.005,0.000,0.005,7556.080577,12102260.371705,139224.524580
2026-05-14_12-08-58,512,50,200,1024,CONSTANT,656.039,0.000,0.010,0.000,0.010,5871.559262,9404232.558181,66783.597491
2026-05-14_12-08-58,512,50,200,1024,SHARED,656.039,0.000,0.010,0.000,0.010,4311.215928,6905095.458334,66432.583432
2026-05-14_12-08-58,512,50,200,1024,1D TEXTURE,656.039,0.000,0.004,0.000,0.004,4486.505324,7185849.202868,163777.921741
2026-05-14_12-08-58,512,50,200,1024,2D TEXTURE,656.039,0.000,0.004,0.000,0.004,5241.605525,8395261.826187,160014.584378
2026-05-14_12-08-58,512,50,200,1024,2D TEXTURE + CONSTANT,656.039,0.000,0.010,0.000,0.010,5011.746633,8027106.387192,67096.157082
2026-05-14_12-08-58,512,50,200,1024,REALISTIC,656.039,0.000,0.004,0.000,0.004,4508.629815,7221285.081407,159070.995241
2026-05-14_12-19-55,512,50,50,256,OPENMP,189.449,189.449,0.000,189.449,189.449,0.002162,1.000000,1.000000
2026-05-14_12-19-55,512,50,50,256,GLOBAL,189.449,3.830,0.005,3.830,3.835,0.106942,49.463156,49.403028
2026-05-14_12-19-55,512,50,50,256,CONSTANT,189.449,3.574,0.010,3.574,3.584,0.114620,53.014164,52.865033
2026-05-14_12-19-55,512,50,50,256,SHARED,189.449,3.621,0.010,3.621,3.631,0.113111,52.316592,52.171391
2026-05-14_12-19-55,512,50,50,256,1D TEXTURE,189.449,3.771,0.004,3.771,3.775,0.108621,50.239787,50.189029
2026-05-14_12-19-55,512,50,50,256,2D TEXTURE,189.449,3.759,0.004,3.759,3.763,0.108973,50.402463,50.346432
2026-05-14_12-19-55,512,50,50,256,2D TEXTURE + CONSTANT,189.449,3.561,0.010,3.561,3.571,0.115039,53.208003,53.059526
2026-05-14_12-19-55,512,50,50,256,REALISTIC,189.449,3.759,0.004,3.759,3.762,0.108978,50.404590,50.352076
2026-05-14_12-23-32,512,50,50,256,OPENMP,186.636,186.636,0.000,186.636,186.636,0.002195,1.000000,1.000000
2026-05-14_12-23-32,512,50,50,256,GLOBAL,186.636,3.835,0.007,3.835,3.842,0.106810,48.668214,48.581222
2026-05-14_12-23-32,512,50,50,256,CONSTANT,186.636,3.577,0.012,3.577,3.589,0.114495,52.169951,51.996428
2026-05-14_12-23-32,512,50,50,256,SHARED,186.636,3.615,0.012,3.615,3.627,0.113318,51.633934,51.463988
2026-05-14_12-23-32,512,50,50,256,1D TEXTURE,186.636,3.773,0.004,3.773,3.777,0.108567,49.469094,49.415785
2026-05-14_12-23-32,512,50,50,256,2D TEXTURE,186.636,3.764,0.004,3.764,3.768,0.108821,49.584653,49.529719
2026-05-14_12-23-32,512,50,50,256,2D TEXTURE + CONSTANT,186.636,3.573,0.010,3.573,3.583,0.114641,52.236388,52.096329
2026-05-14_12-23-32,512,50,50,256,REALISTIC,186.636,3.763,0.004,3.763,3.767,0.108853,49.599231,49.547731
2026-05-14_12-27-06,512,50,50,256,OPENMP,187.251,187.251,0.000,187.251,187.251,0.002187,1.000000,1.000000
2026-05-14_12-27-06,512,50,50,256,GLOBAL,187.251,3.823,0.005,3.823,3.828,0.107138,48.978715,48.918899
2026-05-14_12-27-06,512,50,50,256,CONSTANT,187.251,3.566,0.010,3.566,3.576,0.114871,52.514066,52.362864
2026-05-14_12-27-06,512,50,50,256,SHARED,187.251,3.620,0.010,3.620,3.631,0.113136,51.720681,51.574029
2026-05-14_12-27-06,512,50,50,256,1D TEXTURE,187.251,3.767,0.004,3.767,3.771,0.108737,49.709672,49.659406
2026-05-14_12-27-06,512,50,50,256,2D TEXTURE,187.251,3.762,0.004,3.762,3.767,0.108865,49.768328,49.712926
2026-05-14_12-27-06,512,50,50,256,2D TEXTURE + CONSTANT,187.251,3.568,0.010,3.568,3.578,0.114789,52.476368,52.326993
2026-05-14_12-27-06,512,50,50,256,REALISTIC,187.251,3.767,0.004,3.767,3.771,0.108739,49.710830,49.659192
2026-05-14_12-30-40,512,50,100,256,OPENMP,356.480,356.480,0.000,356.480,356.480,0.001149,1.000000,1.000000
2026-05-14_12-30-40,512,50,100,256,GLOBAL,356.480,7.680,0.010,7.680,7.690,0.053331,46.414930,46.355173
2026-05-14_12-30-40,512,50,100,256,CONSTANT,356.480,7.112,0.018,7.112,7.130,0.057593,50.123850,49.998512
2026-05-14_12-30-40,512,50,100,256,SHARED,356.480,7.169,0.018,7.169,7.186,0.057138,49.727826,49.604469
2026-05-14_12-30-40,512,50,100,256,1D TEXTURE,356.480,7.597,0.004,7.597,7.601,0.053915,46.922827,46.897685
2026-05-14_12-30-40,512,50,100,256,2D TEXTURE,356.480,7.625,0.004,7.625,7.629,0.053719,46.752241,46.727839
2026-05-14_12-30-40,512,50,100,256,2D TEXTURE + CONSTANT,356.480,7.113,0.013,7.113,7.126,0.057585,50.116622,50.028531
2026-05-14_12-30-40,512,50,100,256,REALISTIC,356.480,7.585,0.004,7.585,7.589,0.054000,46.996937,46.970995
2026-05-14_12-37-30,512,50,100,256,OPENMP,345.666,345.666,0.000,345.666,345.666,0.001185,1.000000,1.000000
2026-05-14_12-37-30,512,50,100,256,GLOBAL,345.666,7.666,0.005,7.666,7.671,0.053428,45.088863,45.061281
2026-05-14_12-37-30,512,50,100,256,CONSTANT,345.666,7.102,0.012,7.102,7.113,0.057677,48.674499,48.594565
2026-05-14_12-37-30,512,50,100,256,SHARED,345.666,7.158,0.012,7.158,7.169,0.057225,48.292530,48.213862
2026-05-14_12-37-30,512,50,100,256,1D TEXTURE,345.666,7.622,0.004,7.622,7.626,0.053739,45.351288,45.326789
2026-05-14_12-37-30,512,50,100,256,2D TEXTURE,345.666,7.610,0.004,7.610,7.614,0.053823,45.421689,45.398243
2026-05-14_12-37-30,512,50,100,256,2D TEXTURE + CONSTANT,345.666,7.107,0.012,7.107,7.118,0.057636,48.639391,48.560502
2026-05-14_12-37-30,512,50,100,256,REALISTIC,345.666,7.617,0.004,7.617,7.621,0.053772,45.379107,45.354155
2026-05-14_12-44-09,512,50,100,256,OPENMP,354.389,354.389,0.000,354.389,354.389,0.001156,1.000000,1.000000
2026-05-14_12-44-09,512,50,100,256,GLOBAL,354.389,7.644,0.007,7.644,7.651,0.053588,46.364662,46.320351
2026-05-14_12-44-09,512,50,100,256,CONSTANT,354.389,7.101,0.013,7.101,7.114,0.057681,49.906082,49.816626
2026-05-14_12-44-09,512,50,100,256,SHARED,354.389,7.165,0.013,7.165,7.178,0.057166,49.460342,49.372512
2026-05-14_12-44-09,512,50,100,256,1D TEXTURE,354.389,7.586,0.004,7.586,7.590,0.053993,46.715567,46.690175
2026-05-14_12-44-09,512,50,100,256,2D TEXTURE,354.389,7.595,0.004,7.595,7.599,0.053929,46.659591,46.635432
2026-05-14_12-44-09,512,50,100,256,2D TEXTURE + CONSTANT,354.389,7.102,0.010,7.102,7.112,0.057676,49.901367,49.831135
2026-05-14_12-44-09,512,50,100,256,REALISTIC,354.389,7.604,0.004,7.604,7.609,0.053863,46.602681,46.576950
2026-05-14_12-50-56,512,50,200,256,OPENMP,656.536,656.536,0.000,656.536,656.536,0.000624,1.000000,1.000000
2026-05-14_12-50-56,512,50,200,256,GLOBAL,656.536,13.427,0.005,13.427,13.432,0.030505,48.895258,48.878341
2026-05-14_12-50-56,512,50,200,256,CONSTANT,656.536,12.448,0.013,12.448,12.462,0.032904,52.740495,52.683913
2026-05-14_12-50-56,512,50,200,256,SHARED,656.536,12.426,0.013,12.426,12.440,0.032962,52.833792,52.777293
2026-05-14_12-50-56,512,50,200,256,1D TEXTURE,656.536,13.394,0.004,13.394,13.398,0.030581,49.016828,49.001874
2026-05-14_12-50-56,512,50,200,256,2D TEXTURE,656.536,13.429,0.004,13.429,13.433,0.030502,48.890657,48.876337
2026-05-14_12-50-56,512,50,200,256,2D TEXTURE + CONSTANT,656.536,12.391,0.013,12.391,12.404,0.033056,52.985008,52.928446
2026-05-14_12-50-56,512,50,200,256,REALISTIC,656.536,13.414,0.004,13.414,13.418,0.030536,48.945011,48.929677
2026-05-14_13-03-25,512,50,200,256,OPENMP,655.233,655.233,0.000,655.233,655.233,0.000625,1.000000,1.000000
2026-05-14_13-03-25,512,50,200,256,GLOBAL,655.233,13.456,0.010,13.456,13.466,0.030439,48.692760,48.657878
2026-05-14_13-03-25,512,50,200,256,CONSTANT,655.233,12.404,0.018,12.404,12.423,0.033020,52.822435,52.745049
2026-05-14_13-03-25,512,50,200,256,SHARED,655.233,12.489,0.018,12.489,12.507,0.032797,52.464869,52.388516
2026-05-14_13-03-25,512,50,200,256,1D TEXTURE,655.233,13.374,0.004,13.374,13.378,0.030626,48.992102,48.977133
2026-05-14_13-03-25,512,50,200,256,2D TEXTURE,655.233,13.418,0.004,13.418,13.422,0.030526,48.832233,48.817882
2026-05-14_13-03-25,512,50,200,256,2D TEXTURE + CONSTANT,655.233,12.397,0.013,12.397,12.410,0.033040,52.853057,52.797207
2026-05-14_13-03-25,512,50,200,256,REALISTIC,655.233,13.383,0.004,13.383,13.388,0.030605,48.958615,48.943254
2026-05-14_13-15-52,512,50,200,256,OPENMP,656.808,656.808,0.000,656.808,656.808,0.000624,1.000000,1.000000
2026-05-14_13-15-52,512,50,200,256,GLOBAL,656.808,13.471,0.005,13.471,13.475,0.030406,48.757866,48.740985
2026-05-14_13-15-52,512,50,200,256,CONSTANT,656.808,12.427,0.011,12.427,12.438,0.032959,52.851215,52.806386
2026-05-14_13-15-52,512,50,200,256,SHARED,656.808,12.486,0.011,12.486,12.497,0.032805,52.603729,52.559268
2026-05-14_13-15-52,512,50,200,256,1D TEXTURE,656.808,13.398,0.004,13.398,13.402,0.030571,49.021628,49.006602
2026-05-14_13-15-52,512,50,200,256,2D TEXTURE,656.808,13.374,0.004,13.374,13.378,0.030627,49.111212,49.096750
2026-05-14_13-15-52,512,50,200,256,2D TEXTURE + CONSTANT,656.808,12.448,0.010,12.448,12.458,0.032906,52.765356,52.721075
2026-05-14_13-15-52,512,50,200,256,REALISTIC,656.808,13.372,0.004,13.372,13.377,0.030630,49.116707,49.101210
2026-05-14_13-28-21,512,50,203,256,OPENMP,665.305,665.305,0.000,665.305,665.305,0.000616,1.000000,1.000000
2026-05-14_13-28-21,512,50,203,256,GLOBAL,665.305,13.639,0.005,13.639,13.643,0.030032,48.780795,48.763738
2026-05-14_13-28-21,512,50,203,256,CONSTANT,665.305,12.580,0.010,12.580,12.590,0.032559,52.884702,52.842398
2026-05-14_13-28-21,512,50,203,256,SHARED,665.305,12.676,0.010,12.676,12.686,0.032314,52.487360,52.445703
2026-05-14_13-28-21,512,50,203,256,1D TEXTURE,665.305,13.563,0.004,13.563,13.567,0.030201,49.054645,49.039857
2026-05-14_13-28-21,512,50,203,256,2D TEXTURE,665.305,13.561,0.008,13.561,13.570,0.030203,49.058571,49.028929
2026-05-14_13-28-21,512,50,203,256,2D TEXTURE + CONSTANT,665.305,12.586,0.014,12.586,12.600,0.032543,52.859677,52.800430
2026-05-14_13-28-21,512,50,203,256,REALISTIC,665.305,13.552,0.008,13.552,13.561,0.030224,49.091654,49.061036
2026-05-14_13-41-00,512,50,203,256,OPENMP,665.538,665.538,0.000,665.538,665.538,0.000615,1.000000,1.000000
2026-05-14_13-41-00,512,50,203,256,GLOBAL,665.538,13.596,0.006,13.596,13.601,0.030127,48.952567,48.932172
2026-05-14_13-41-00,512,50,203,256,CONSTANT,665.538,12.541,0.013,12.541,12.554,0.032661,53.069776,53.016007
2026-05-14_13-41-00,512,50,203,256,SHARED,665.538,12.658,0.013,12.658,12.671,0.032358,52.577024,52.524229
2026-05-14_13-41-00,512,50,203,256,1D TEXTURE,665.538,13.594,0.005,13.594,13.599,0.030130,48.956822,48.938713
2026-05-14_13-41-00,512,50,203,256,2D TEXTURE,665.538,13.572,0.012,13.572,13.583,0.030181,49.039332,48.997718
2026-05-14_13-41-00,512,50,203,256,2D TEXTURE + CONSTANT,665.538,12.566,0.019,12.566,12.585,0.032596,52.963760,52.882801
2026-05-14_13-41-00,512,50,203,256,REALISTIC,665.538,13.557,0.012,13.557,13.568,0.030214,49.093332,49.050685
2026-05-14_13-53-39,512,50,203,256,OPENMP,664.824,664.824,0.000,664.824,664.824,0.000616,1.000000,1.000000
2026-05-14_13-53-39,512,50,203,256,GLOBAL,664.824,13.607,0.005,13.607,13.612,0.030101,48.857460,48.839967
2026-05-14_13-53-39,512,50,203,256,CONSTANT,664.824,12.573,0.011,12.573,12.584,0.032578,52.877122,52.831913
2026-05-14_13-53-39,512,50,203,256,SHARED,664.824,12.619,0.011,12.619,12.630,0.032459,52.685180,52.640238
2026-05-14_13-53-39,512,50,203,256,1D TEXTURE,664.824,13.572,0.004,13.572,13.576,0.030181,48.986714,48.971279
2026-05-14_13-53-39,512,50,203,256,2D TEXTURE,664.824,13.621,0.005,13.621,13.626,0.030071,48.807726,48.790727
2026-05-14_13-53-39,512,50,203,256,2D TEXTURE + CONSTANT,664.824,12.575,0.011,12.575,12.586,0.032572,52.868480,52.821224
2026-05-14_13-53-39,512,50,203,256,REALISTIC,664.824,13.607,0.005,13.607,13.612,0.030103,48.859747,48.841799
2026-05-14_14-06-17,512,50,203,256,OPENMP,665.859,665.859,0.000,665.859,665.859,0.000615,1.000000,1.000000
2026-05-14_14-06-17,512,50,203,256,GLOBAL,665.859,13.638,0.005,13.638,13.642,0.030035,48.825316,48.808652
2026-05-14_14-06-17,512,50,203,256,CONSTANT,665.859,12.603,0.010,12.603,12.614,0.032500,52.832414,52.788904
2026-05-14_14-06-17,512,50,203,256,SHARED,665.859,12.682,0.010,12.682,12.693,0.032297,52.502275,52.459314
2026-05-14_14-06-17,512,50,203,256,1D TEXTURE,665.859,13.570,0.004,13.570,13.574,0.030184,49.068868,49.054000
2026-05-14_14-06-17,512,50,203,256,2D TEXTURE,665.859,13.583,0.007,13.583,13.590,0.030155,49.020899,48.995255
2026-05-14_14-06-17,512,50,203,256,2D TEXTURE + CONSTANT,665.859,12.567,0.013,12.567,12.581,0.032593,52.983879,52.927142
2026-05-14_14-06-17,512,50,203,256,REALISTIC,665.859,13.590,0.007,13.590,13.598,0.030139,48.995199,48.968603
2026-05-14_14-18-56,512,50,203,256,OPENMP,665.425,665.425,0.000,665.425,665.425,0.000616,1.000000,1.000000
2026-05-14_14-18-56,512,50,203,256,GLOBAL,665.425,13.613,0.005,13.613,13.617,0.030090,48.883224,48.866437
2026-05-14_14-18-56,512,50,203,256,CONSTANT,665.425,12.596,0.014,12.596,12.610,0.032517,52.826547,52.768121
2026-05-14_14-18-56,512,50,203,256,SHARED,665.425,12.686,0.014,12.686,12.700,0.032289,52.455356,52.397732
2026-05-14_14-18-56,512,50,203,256,1D TEXTURE,665.425,13.575,0.004,13.575,13.579,0.030173,49.018189,49.003420
2026-05-14_14-18-56,512,50,203,256,2D TEXTURE,665.425,13.571,0.004,13.571,13.575,0.030181,49.031082,49.016879
2026-05-14_14-18-56,512,50,203,256,2D TEXTURE + CONSTANT,665.425,12.581,0.014,12.581,12.595,0.032558,52.892557,52.834424
2026-05-14_14-18-56,512,50,203,256,REALISTIC,665.425,13.555,0.004,13.555,13.559,0.030218,49.091148,49.075943
2026-05-14_14-31-35,512,50,203,256,OPENMP,664.779,664.779,0.000,664.779,664.779,0.000616,1.000000,1.000000
2026-05-14_14-31-35,512,50,203,256,GLOBAL,664.779,13.617,0.005,13.617,13.621,0.030081,48.820665,48.803906
2026-05-14_14-31-35,512,50,203,256,CONSTANT,664.779,12.552,0.015,12.552,12.567,0.032633,52.963090,52.900445
2026-05-14_14-31-35,512,50,203,256,SHARED,664.779,12.693,0.015,12.693,12.708,0.032269,52.372252,52.310949
2026-05-14_14-31-35,512,50,203,256,1D TEXTURE,664.779,13.576,0.004,13.576,13.580,0.030171,48.967356,48.952589
2026-05-14_14-31-35,512,50,203,256,2D TEXTURE,664.779,13.575,0.004,13.575,13.579,0.030173,48.970603,48.956405
2026-05-14_14-31-35,512,50,203,256,2D TEXTURE + CONSTANT,664.779,12.569,0.015,12.569,12.584,0.032587,52.888327,52.826289
2026-05-14_14-31-35,512,50,203,256,REALISTIC,664.779,13.539,0.004,13.539,13.543,0.030253,49.100705,49.085466
2026-05-14_14-44-13,512,5,200,256,OPENMP,639.512,639.512,0.000,639.512,639.512,0.000640,1.000000,1.000000
2026-05-14_14-44-13,512,5,200,256,GLOBAL,639.512,7.223,0.005,7.223,7.228,0.056708,88.538370,88.481416
2026-05-14_14-44-13,512,5,200,256,CONSTANT,639.512,7.136,0.010,7.136,7.147,0.057396,89.612217,89.481329
2026-05-14_14-44-13,512,5,200,256,SHARED,639.512,7.231,0.010,7.231,7.241,0.056649,88.445754,88.318181
2026-05-14_14-44-13,512,5,200,256,1D TEXTURE,639.512,7.196,0.004,7.196,7.200,0.056922,88.872859,88.822521
2026-05-14_14-44-13,512,5,200,256,2D TEXTURE,639.512,7.177,0.007,7.177,7.184,0.057070,89.103827,89.018644
2026-05-14_14-44-13,512,5,200,256,2D TEXTURE + CONSTANT,639.512,7.132,0.013,7.132,7.145,0.057434,89.672668,89.505995
2026-05-14_14-44-13,512,5,200,256,REALISTIC,639.512,7.197,0.007,7.197,7.204,0.056913,88.859009,88.773922
2026-05-14_14-55-44,512,5,200,256,OPENMP,639.325,639.325,0.000,639.325,639.325,0.000641,1.000000,1.000000
2026-05-14_14-55-44,512,5,200,256,GLOBAL,639.325,7.216,0.005,7.216,7.221,0.056760,88.593437,88.535977
2026-05-14_14-55-44,512,5,200,256,CONSTANT,639.325,7.122,0.009,7.122,7.131,0.057516,89.773284,89.654163
2026-05-14_14-55-44,512,5,200,256,SHARED,639.325,7.241,0.010,7.241,7.251,0.056566,88.291590,88.175785
2026-05-14_14-55-44,512,5,200,256,1D TEXTURE,639.325,7.204,0.004,7.204,7.208,0.056854,88.740757,88.693219
2026-05-14_14-55-44,512,5,200,256,2D TEXTURE,639.325,7.182,0.004,7.182,7.186,0.057032,89.018541,88.966587
2026-05-14_14-55-44,512,5,200,256,2D TEXTURE + CONSTANT,639.325,7.129,0.009,7.129,7.139,0.057453,89.676276,89.558903
2026-05-14_14-55-44,512,5,200,256,REALISTIC,639.325,7.220,0.004,7.220,7.224,0.056730,88.547367,88.499071
2026-05-14_15-07-15,512,5,200,256,OPENMP,639.562,639.562,0.000,639.562,639.562,0.000640,1.000000,1.000000
2026-05-14_15-07-15,512,5,200,256,GLOBAL,639.562,7.244,0.005,7.244,7.248,0.056545,88.291746,88.234597
2026-05-14_15-07-15,512,5,200,256,CONSTANT,639.562,7.129,0.015,7.129,7.144,0.057456,89.712905,89.523413
2026-05-14_15-07-15,512,5,200,256,SHARED,639.562,7.226,0.015,7.226,7.241,0.056685,88.509979,88.325470
2026-05-14_15-07-15,512,5,200,256,1D TEXTURE,639.562,7.183,0.004,7.183,7.187,0.057023,89.036775,88.986237
2026-05-14_15-07-15,512,5,200,256,2D TEXTURE,639.562,7.189,0.004,7.189,7.193,0.056977,88.965333,88.916752
2026-05-14_15-07-15,512,5,200,256,2D TEXTURE + CONSTANT,639.562,7.124,0.015,7.124,7.139,0.057495,89.774387,89.586274
2026-05-14_15-07-15,512,5,200,256,REALISTIC,639.562,7.202,0.004,7.202,7.206,0.056875,88.806266,88.757546
2026-05-14_15-18-46,512,10,200,256,OPENMP,651.958,651.958,0.000,651.958,651.958,0.000628,1.000000,1.000000
2026-05-14_15-18-46,512,10,200,256,GLOBAL,651.958,10.426,0.005,10.426,10.431,0.039286,62.531379,62.503313
2026-05-14_15-18-46,512,10,200,256,CONSTANT,651.958,10.022,0.010,10.022,10.033,0.040869,65.051322,64.983290
2026-05-14_15-18-46,512,10,200,256,SHARED,651.958,10.126,0.010,10.126,10.137,0.040450,64.383512,64.316863
2026-05-14_15-18-46,512,10,200,256,1D TEXTURE,651.958,10.387,0.004,10.387,10.391,0.039434,62.766805,62.742069
2026-05-14_15-18-46,512,10,200,256,2D TEXTURE,651.958,10.376,0.004,10.376,10.381,0.039474,62.830342,62.803653
2026-05-14_15-18-46,512,10,200,256,2D TEXTURE + CONSTANT,651.958,10.010,0.010,10.010,10.020,0.040921,65.133431,65.066276
2026-05-14_15-18-46,512,10,200,256,REALISTIC,651.958,10.407,0.004,10.407,10.411,0.039359,62.648171,62.621641
2026-05-14_15-30-51,512,10,200,256,OPENMP,651.359,651.359,0.000,651.359,651.359,0.000629,1.000000,1.000000
2026-05-14_15-30-51,512,10,200,256,GLOBAL,651.359,10.427,0.005,10.427,10.432,0.039283,62.468890,62.440669
2026-05-14_15-30-51,512,10,200,256,CONSTANT,651.359,10.016,0.011,10.016,10.027,0.040895,65.031853,64.963575
2026-05-14_15-30-51,512,10,200,256,SHARED,651.359,10.117,0.011,10.117,10.128,0.040484,64.379466,64.312517
2026-05-14_15-30-51,512,10,200,256,1D TEXTURE,651.359,10.392,0.004,10.392,10.396,0.039416,62.680705,62.655866
2026-05-14_15-30-51,512,10,200,256,2D TEXTURE,651.359,10.341,0.004,10.341,10.345,0.039611,62.990476,62.964919
2026-05-14_15-30-51,512,10,200,256,2D TEXTURE + CONSTANT,651.359,9.986,0.010,9.986,9.996,0.041016,65.225059,65.159112
2026-05-14_15-30-51,512,10,200,256,REALISTIC,651.359,10.388,0.004,10.388,10.392,0.039429,62.701421,62.676080
2026-05-14_15-42-55,512,10,200,256,OPENMP,652.001,652.001,0.000,652.001,652.001,0.000628,1.000000,1.000000
2026-05-14_15-42-55,512,10,200,256,GLOBAL,652.001,10.449,0.010,10.449,10.459,0.039199,62.397093,62.340211
2026-05-14_15-42-55,512,10,200,256,CONSTANT,652.001,10.008,0.018,10.008,10.026,0.040929,65.150748,65.033856
2026-05-14_15-42-55,512,10,200,256,SHARED,652.001,10.137,0.018,10.137,10.155,0.040405,64.316050,64.202160
2026-05-14_15-42-55,512,10,200,256,1D TEXTURE,652.001,10.381,0.004,10.381,10.385,0.039457,62.807092,62.782369
2026-05-14_15-42-55,512,10,200,256,2D TEXTURE,652.001,10.393,0.004,10.393,10.397,0.039412,62.735915,62.710524
2026-05-14_15-42-55,512,10,200,256,2D TEXTURE + CONSTANT,652.001,9.993,0.013,9.993,10.005,0.040990,65.248424,65.165113
2026-05-14_15-42-55,512,10,200,256,REALISTIC,652.001,10.422,0.004,10.422,10.427,0.039300,62.557650,62.532364
2026-05-14_15-55-00,512,25,200,256,OPENMP,656.036,656.036,0.000,656.036,656.036,0.000624,1.000000,1.000000
2026-05-14_15-55-00,512,25,200,256,GLOBAL,656.036,12.846,0.005,12.846,12.850,0.031887,51.071235,51.052695
2026-05-14_15-55-00,512,25,200,256,CONSTANT,656.036,11.910,0.011,11.910,11.921,0.034390,55.081408,55.031159
2026-05-14_15-55-00,512,25,200,256,SHARED,656.036,12.012,0.011,12.012,12.023,0.034099,54.613912,54.564505
2026-05-14_15-55-00,512,25,200,256,1D TEXTURE,656.036,12.770,0.004,12.770,12.774,0.032076,51.375018,51.358586
2026-05-14_15-55-00,512,25,200,256,2D TEXTURE,656.036,12.767,0.007,12.767,12.774,0.032083,51.385783,51.356830
2026-05-14_15-55-00,512,25,200,256,2D TEXTURE + CONSTANT,656.036,11.879,0.014,11.879,11.893,0.034480,55.225556,55.161596
2026-05-14_15-55-00,512,25,200,256,REALISTIC,656.036,12.809,0.007,12.809,12.816,0.031979,51.218439,51.190694
2026-05-14_16-07-25,512,25,200,256,OPENMP,655.523,655.523,0.000,655.523,655.523,0.000625,1.000000,1.000000
2026-05-14_16-07-25,512,25,200,256,GLOBAL,655.523,12.841,0.005,12.841,12.845,0.031899,51.050329,51.031774
2026-05-14_16-07-25,512,25,200,256,CONSTANT,655.523,11.907,0.010,11.907,11.917,0.034400,55.053897,55.006596
2026-05-14_16-07-25,512,25,200,256,SHARED,655.523,12.021,0.010,12.021,12.031,0.034073,54.530414,54.484019
2026-05-14_16-07-25,512,25,200,256,1D TEXTURE,655.523,12.777,0.004,12.777,12.781,0.032057,51.303205,51.286893
2026-05-14_16-07-25,512,25,200,256,2D TEXTURE,655.523,12.766,0.009,12.766,12.775,0.032084,51.347619,51.310953
2026-05-14_16-07-25,512,25,200,256,2D TEXTURE + CONSTANT,655.523,11.945,0.015,11.945,11.960,0.034290,54.877480,54.808378
2026-05-14_16-07-25,512,25,200,256,REALISTIC,655.523,12.786,0.009,12.786,12.795,0.032036,51.269725,51.234143
2026-05-14_16-19-49,512,25,200,256,OPENMP,655.796,655.796,0.000,655.796,655.796,0.000625,1.000000,1.000000
2026-05-14_16-19-49,512,25,200,256,GLOBAL,655.796,12.854,0.005,12.854,12.859,0.031865,51.018393,50.999844
2026-05-14_16-19-49,512,25,200,256,CONSTANT,655.796,11.918,0.011,11.918,11.929,0.034368,55.024749,54.976220
2026-05-14_16-19-49,512,25,200,256,SHARED,655.796,12.030,0.011,12.030,12.040,0.034049,54.514066,54.466399
2026-05-14_16-19-49,512,25,200,256,1D TEXTURE,655.796,12.756,0.004,12.756,12.760,0.032110,51.409518,51.393081
2026-05-14_16-19-49,512,25,200,256,2D TEXTURE,655.796,12.736,0.005,12.736,12.741,0.032162,51.492937,51.471702
2026-05-14_16-19-49,512,25,200,256,2D TEXTURE + CONSTANT,655.796,11.905,0.011,11.905,11.916,0.034406,55.086226,55.033176
2026-05-14_16-19-49,512,25,200,256,REALISTIC,655.796,12.775,0.005,12.775,12.780,0.032061,51.332393,51.312365
2026-05-14_16-32-13,512,50,200,256,OPENMP,656.689,656.689,0.000,656.689,656.689,0.000624,1.000000,1.000000
2026-05-14_16-32-13,512,50,200,256,GLOBAL,656.689,13.456,0.005,13.456,13.461,0.030439,48.800935,48.783267
2026-05-14_16-32-13,512,50,200,256,CONSTANT,656.689,12.359,0.010,12.359,12.369,0.033141,53.133726,53.089736
2026-05-14_16-32-13,512,50,200,256,SHARED,656.689,12.491,0.010,12.491,12.502,0.032791,52.571387,52.528298
2026-05-14_16-32-13,512,50,200,256,1D TEXTURE,656.689,13.388,0.004,13.388,13.392,0.030595,49.050736,49.035054
2026-05-14_16-32-13,512,50,200,256,2D TEXTURE,656.689,13.387,0.005,13.387,13.392,0.030596,49.053301,49.036486
2026-05-14_16-32-13,512,50,200,256,2D TEXTURE + CONSTANT,656.689,12.407,0.011,12.407,12.418,0.033013,52.928511,52.883391
2026-05-14_16-32-13,512,50,200,256,REALISTIC,656.689,13.400,0.005,13.400,13.405,0.030567,49.006419,48.988665
2026-05-14_16-44-41,512,50,200,256,OPENMP,655.861,655.861,0.000,655.861,655.861,0.000625,1.000000,1.000000
2026-05-14_16-44-41,512,50,200,256,GLOBAL,655.861,13.482,0.005,13.482,13.486,0.030382,48.648275,48.631388
2026-05-14_16-44-41,512,50,200,256,CONSTANT,655.861,12.424,0.014,12.424,12.438,0.032969,52.791408,52.729875
2026-05-14_16-44-41,512,50,200,256,SHARED,655.861,12.512,0.014,12.512,12.527,0.032736,52.417396,52.356744
2026-05-14_16-44-41,512,50,200,256,1D TEXTURE,655.861,13.372,0.004,13.372,13.376,0.030632,49.048282,49.033292
2026-05-14_16-44-41,512,50,200,256,2D TEXTURE,655.861,13.392,0.004,13.392,13.396,0.030585,48.973679,48.959285
2026-05-14_16-44-41,512,50,200,256,2D TEXTURE + CONSTANT,655.861,12.377,0.014,12.377,12.392,0.033093,52.989493,52.927996
2026-05-14_16-44-41,512,50,200,256,REALISTIC,655.861,13.385,0.004,13.385,13.389,0.030602,49.001364,48.986012
2026-05-14_16-57-09,512,50,200,256,OPENMP,656.053,656.053,0.000,656.053,656.053,0.000624,1.000000,1.000000
2026-05-14_16-57-09,512,50,200,256,GLOBAL,656.053,13.451,0.005,13.451,13.456,0.030450,48.771875,48.754940
2026-05-14_16-57-09,512,50,200,256,CONSTANT,656.053,12.454,0.012,12.454,12.466,0.032888,52.676364,52.626971
2026-05-14_16-57-09,512,50,200,256,SHARED,656.053,12.485,0.012,12.485,12.496,0.032808,52.549090,52.499934
2026-05-14_16-57-09,512,50,200,256,1D TEXTURE,656.053,13.407,0.004,13.407,13.411,0.030552,48.934287,48.919344
2026-05-14_16-57-09,512,50,200,256,2D TEXTURE,656.053,13.424,0.004,13.424,13.427,0.030514,48.873357,48.859041
2026-05-14_16-57-09,512,50,200,256,2D TEXTURE + CONSTANT,656.053,12.406,0.012,12.406,12.418,0.033016,52.882201,52.832866
2026-05-14_16-57-09,512,50,200,256,REALISTIC,656.053,13.414,0.004,13.414,13.419,0.030534,48.906623,48.8913312026-05-15_10-16-55,512,75,200,256,OPENMP,656.131,656.131,0.000,656.131,656.131,0.000624,1.000000,1.000000
2026-05-15_10-16-55,512,75,200,256,GLOBAL,656.131,13.617,0.006,13.617,13.623,0.030081,48.185954,48.165133
2026-05-15_10-16-55,512,75,200,256,CONSTANT,656.131,12.537,0.098,12.537,12.635,0.032671,52.335299,51.929604
2026-05-15_10-16-55,512,75,200,256,SHARED,656.131,12.602,0.098,12.602,12.700,0.032503,52.066007,51.664245
2026-05-15_10-16-55,512,75,200,256,1D TEXTURE,656.131,13.542,0.004,13.542,13.547,0.030246,48.449763,48.435097
2026-05-15_10-16-55,512,75,200,256,2D TEXTURE,656.131,13.570,0.005,13.570,13.576,0.030183,48.349885,48.330745
2026-05-15_10-16-55,512,75,200,256,2D TEXTURE + CONSTANT,656.131,12.527,0.098,12.527,12.625,0.032697,52.376515,51.969780
2026-05-15_10-16-55,512,75,200,256,REALISTIC,656.131,13.599,0.006,13.599,13.604,0.030121,48.250087,48.230097
2026-05-15_10-29-24,512,75,200,256,OPENMP,658.300,658.300,0.000,658.300,658.300,0.000622,1.000000,1.000000
2026-05-15_10-29-24,512,75,200,256,GLOBAL,658.300,13.600,0.005,13.600,13.605,0.030118,48.404670,48.388013
2026-05-15_10-29-24,512,75,200,256,CONSTANT,658.300,12.505,0.010,12.505,12.515,0.032754,52.640827,52.598806
2026-05-15_10-29-24,512,75,200,256,SHARED,658.300,12.611,0.010,12.611,12.621,0.032480,52.201806,52.160496
2026-05-15_10-29-24,512,75,200,256,1D TEXTURE,658.300,13.576,0.004,13.576,13.580,0.030170,48.488873,48.474246
2026-05-15_10-29-24,512,75,200,256,2D TEXTURE,658.300,13.531,0.006,13.531,13.538,0.030271,48.650753,48.627658
2026-05-15_10-29-24,512,75,200,256,2D TEXTURE + CONSTANT,658.300,12.502,0.012,12.502,12.514,0.032763,52.655327,52.603351
2026-05-15_10-29-24,512,75,200,256,REALISTIC,658.300,13.565,0.007,13.565,13.572,0.030194,48.527744,48.503856
2026-05-15_10-41-56,512,75,200,256,OPENMP,655.433,655.433,0.000,655.433,655.433,0.000625,1.000000,1.000000
2026-05-15_10-41-56,512,75,200,256,GLOBAL,655.433,13.613,0.005,13.613,13.618,0.030089,48.147367,48.130774
2026-05-15_10-41-56,512,75,200,256,CONSTANT,655.433,12.492,0.011,12.492,12.503,0.032789,52.467826,52.423587
2026-05-15_10-41-56,512,75,200,256,SHARED,655.433,12.625,0.011,12.625,12.636,0.032443,51.913879,51.870414
2026-05-15_10-41-56,512,75,200,256,1D TEXTURE,655.433,13.548,0.004,13.548,13.552,0.030234,48.379774,48.365098
2026-05-15_10-41-56,512,75,200,256,2D TEXTURE,655.433,13.575,0.007,13.575,13.582,0.030173,48.282059,48.258068
2026-05-15_10-41-56,512,75,200,256,2D TEXTURE + CONSTANT,655.433,12.544,0.013,12.544,12.558,0.032652,52.249020,52.194019
2026-05-15_10-41-56,512,75,200,256,REALISTIC,655.433,13.540,0.007,13.540,13.547,0.030251,48.407437,48.382372
2026-05-15_10-54-24,512,100,200,256,OPENMP,656.849,656.849,0.000,656.849,656.849,0.000624,1.000000,1.000000
2026-05-15_10-54-24,512,100,200,256,GLOBAL,656.849,13.627,0.005,13.627,13.632,0.030057,48.200804,48.184196
2026-05-15_10-54-24,512,100,200,256,CONSTANT,656.849,12.557,0.009,12.557,12.566,0.032619,52.309242,52.270317
2026-05-15_10-54-24,512,100,200,256,SHARED,656.849,12.649,0.009,12.649,12.659,0.032382,51.928415,51.889974
2026-05-15_10-54-24,512,100,200,256,1D TEXTURE,656.849,13.642,0.004,13.642,13.646,0.030025,48.148916,48.134451
2026-05-15_10-54-24,512,100,200,256,2D TEXTURE,656.849,13.627,0.004,13.627,13.631,0.030058,48.202801,48.188785
2026-05-15_10-54-24,512,100,200,256,2D TEXTURE + CONSTANT,656.849,12.582,0.009,12.582,12.591,0.032554,52.204979,52.166681
2026-05-15_10-54-24,512,100,200,256,REALISTIC,656.849,13.588,0.004,13.588,13.593,0.030144,48.339330,48.324332
2026-05-15_11-06-55,512,100,200,256,OPENMP,656.163,656.163,0.000,656.163,656.163,0.000624,1.000000,1.000000
2026-05-15_11-06-55,512,100,200,256,GLOBAL,656.163,13.660,0.005,13.660,13.665,0.029985,48.034378,48.017914
2026-05-15_11-06-55,512,100,200,256,CONSTANT,656.163,12.570,0.011,12.570,12.580,0.032587,52.202600,52.157290
2026-05-15_11-06-55,512,100,200,256,SHARED,656.163,12.613,0.011,12.613,12.624,0.032474,52.021784,51.976756
2026-05-15_11-06-55,512,100,200,256,1D TEXTURE,656.163,13.585,0.004,13.585,13.589,0.030152,48.302307,48.287731
2026-05-15_11-06-55,512,100,200,256,2D TEXTURE,656.163,13.581,0.004,13.581,13.585,0.030161,48.316102,48.302080
2026-05-15_11-06-55,512,100,200,256,2D TEXTURE + CONSTANT,656.163,12.541,0.011,12.541,12.552,0.032660,52.319480,52.274571
2026-05-15_11-06-55,512,100,200,256,REALISTIC,656.163,13.637,0.004,13.637,13.641,0.030037,48.117517,48.102552
2026-05-15_11-19-24,512,100,200,256,OPENMP,655.921,655.921,0.000,655.921,655.921,0.000624,1.000000,1.000000
2026-05-15_11-19-24,512,100,200,256,GLOBAL,655.921,13.686,0.005,13.686,13.691,0.029929,47.926980,47.910649
2026-05-15_11-19-24,512,100,200,256,CONSTANT,655.921,12.536,0.016,12.536,12.553,0.032674,52.322648,52.254093
2026-05-15_11-19-24,512,100,200,256,SHARED,655.921,12.630,0.016,12.630,12.646,0.032431,51.934360,51.866809
2026-05-15_11-19-24,512,100,200,256,1D TEXTURE,655.921,13.617,0.004,13.617,13.621,0.030081,48.170139,48.155683
2026-05-15_11-19-24,512,100,200,256,2D TEXTURE,655.921,13.609,0.004,13.609,13.613,0.030099,48.198937,48.184978
2026-05-15_11-19-24,512,100,200,256,2D TEXTURE + CONSTANT,655.921,12.573,0.016,12.573,12.589,0.032578,52.169129,52.101418
2026-05-15_11-19-24,512,100,200,256,REALISTIC,655.921,13.563,0.004,13.563,13.567,0.030200,48.361360,48.346409
